{"version":1,"hash":{"type":"Buffer","data":"HmLlly+T2dE7Zb537aZqkIOJ76s/5ZcftmEfwTeyyGljy7wzh/PH+2ap50t8xPjLzUxyAqN1nA95nIItlXuaE8kxGPxYsWBa+Jii3PirkJpkkWG6DHZ43thit+7yxvFmjjpauytqpetwoRV0lC3Jvsqzy5jfwhG6XrNWW2a6S2k="},"indexValueMap":{"yOKSIaVDQ8gJg6EGQR+wrq+1vXGGuGPFvRurXHvTUww=":{"valueMac":{"type":"Buffer","data":"9mFtbZgfsl+nPV8ovOhr5sTpjkHa9rq9/MgAlBJaQJs="}},"dSBbDs1MoN+gD1/Dl1FnXmnaACH4T2grR3Pe946nois=":{"valueMac":{"type":"Buffer","data":"+vL1XoC9RRr1glT90zrcx+Wh381lu3ETGV1bouRhBYI="}},"X0Jac9y6CstrtU9xcORV0CdGQAcVkTEWFeNbpHOSa4A=":{"valueMac":{"type":"Buffer","data":"TLHhwFaoBeE4y0b3Rk65gmJ2QnB3VyQPRrdYWFSbN1Y="}},"wa55d82xuVnZjUlnvO5qOQYY1CoH+vk1cqM3T0u/HOU=":{"valueMac":{"type":"Buffer","data":"J8LTwYfZ4HYFHOYc/qbXXcGXVfqqz8Tu/Q/MF8faFGo="}},"gs3VyhqC4dkTzYWClfim8Kjfkn1xMmpg1k/1DY8pPAo=":{"valueMac":{"type":"Buffer","data":"Hbxi0U7RcPJ0yOLREiPLaQTqhRrXXDz4nDLm6EeCKmI="}},"yin3QnYIGDAkVyhfqAVSqE6taOjD3GV2Jwtb+d65KVs=":{"valueMac":{"type":"Buffer","data":"nAxV6aXBAuHFz8wHGhGqbU+xlaaRdPb1dTuUOSE1LqY="}},"IJIn0E3N5QCi+UVp9nYXisg6uDrvvqtS5XlZXiEEADQ=":{"valueMac":{"type":"Buffer","data":"n01B1ZpM4oUD6sy1n9iT6ydKJlcTDzxWl8ql2Q/7BF4="}},"ej1xoE8CCjWgxFPkCCVU/9MouDBtMniW4a6kiYYvaI8=":{"valueMac":{"type":"Buffer","data":"vlRV5ijarJxRoT1WuqIjxdPGdHLDDrC37RQE3Zs1iw8="}},"hwwh4NmG1EbdgRF6rFRRF3zM+Bzppvg94QB4e1BvwyI=":{"valueMac":{"type":"Buffer","data":"ZARzqUKxPNJQKoWlr8ACuoql2zAnRfeHrCPQ4xj38jE="}},"dgHb5Y5l9qBQdHlVP8/OxhaSw/UaL5H3CntDemignsg=":{"valueMac":{"type":"Buffer","data":"OtRAANkatOC76dQU9d6i+FNLhCtVl0F4e0J0G8f4anI="}},"j7ZQeRw+TLA/GSEHNq/Blsf2L4eFQ3EiW3vQrFfF9NQ=":{"valueMac":{"type":"Buffer","data":"QKbJV+dQLgW+0zGYgPrO5m62pe9nbPeCw5q3rkmnWcs="}},"nJsHDc1Lc7BNMfmB7Reqr1T6HSNF6w//jBrF7uNbhZE=":{"valueMac":{"type":"Buffer","data":"uiCKj+vYFkeG91qdosh4pWD9B74Cohn8N/vI2oIxhyQ="}}}}