{"version":4,"hash":{"type":"Buffer","data":"mmM31zAZ3WqgoXtvi7aoneuLLCZERx+5oR4vpyBuTQprsOGwq4XyDEiqgwcEX8yX89UDW45MOmLKleKjmQf7H4v471pMGWvbXWSdS2Fpmij8CtKfseSNcUzLTwU2PbluAE8YGboQjoWUqMREdIU3NWCjnVlmOA/GiNlEWrREKEY="},"indexValueMap":{"AUzfldOEGzCcJFIIUM7UsOpZvYqJu0XsLIqWRFdHck8=":{"valueMac":{"type":"Buffer","data":"arNqstkCx0WDKdoMTcTQFQnjOP38esIMYDvuDLgwZiI="}},"AoZeZLWKwGcnvJ87hJhGNLZOlyE20FcirR217VieXvA=":{"valueMac":{"type":"Buffer","data":"XGZ7x1ks5KaBX5QiY4MTJYur0MmeVw5vNp6rFmZP8zY="}},"A6+1CFK8By5ybwBnTqF/m1Jtk9Tk/YGKRO5rQuGpOWw=":{"valueMac":{"type":"Buffer","data":"Rp7QuLLzRpCt5e4ZU0I/v4a14tErPVMZAq5wn6zzIx4="}},"A7hj1vX0Lh7WU4CvClK+GAMIM/BCOJ7/0quJy1EqpsM=":{"valueMac":{"type":"Buffer","data":"J8SQi69ZKU4kSkjDBdu8JM6agpvCWp2pF3dUEYFyIkU="}},"A+48z/iWrzN+PKDjMvY1hfE52MjOXD1z9IRvw+7MAo8=":{"valueMac":{"type":"Buffer","data":"mnH36kfHp3q+QLlAzHXZlhpDUPWp+oif5/RaLUXsp7o="}},"BjC6r6n3IQxm8jijABgKpq6hlTXsh1xx7WgKFVBIWuk=":{"valueMac":{"type":"Buffer","data":"1VvnoSfeBrKyOwEJzuQbFq7UVwgMCttPYe6lu234wi4="}},"BoBvSrsb3pfPTfLiSAkbgPtCz0Vk8/MyHFufrGQ50NM=":{"valueMac":{"type":"Buffer","data":"QwzglpqtrFoW6ICw/t//BZ7lkqa8FuTX337WKTIUk5k="}},"B6AvFCqBJs0V/MRHNP7jrztKHnRW6xY7/HkunSBtzBQ=":{"valueMac":{"type":"Buffer","data":"ENShZ00m+/nkrxb8GlSjKEEOcEYl7phFrh3iz9ARVVE="}},"CJgi3YQnUQy81b6rio70hfLyR4NrBcL6qCY+4v0vmLY=":{"valueMac":{"type":"Buffer","data":"KB+CfjO4YPPCuKaO0kqKizmB2BzmXS36suWUHCF+/44="}},"CPI4J8HLtL23ZS0wuk537DR5e2Wz0FbAW5/NEqlcExc=":{"valueMac":{"type":"Buffer","data":"rmRkxocsW55Ff7gtJucNWZpJ5uH/CwQGT5Efo7pAuqw="}},"CeXMHktC/zvWfABY6SYsSHOC3RyCi4Auy5KqN1TV6uE=":{"valueMac":{"type":"Buffer","data":"+34w6mqoGqLHUIO2I6fKUZlS8IAN+HthxyeZDWC2Ax0="}},"DLZg+UTwQPh5suGcTdgF+AZeXdlV6AUB3b/WaKijGb4=":{"valueMac":{"type":"Buffer","data":"y9Qa5nFfpwhkJbGbdVrQH/qCVhKCtdDw08rdzxHUtnE="}},"D3tPOFOBy4iIg+6ZZT88X6yk9RGiPJ8IdHY2icPZk6w=":{"valueMac":{"type":"Buffer","data":"aRSeJSfDbMgjFnrUSKbGVsm03JJe0l7UjCwKoCLSYc4="}},"D/J/wOBWT61/N7vRqUh3AnbH7GJx4JCE3tK5r5Y8cjI=":{"valueMac":{"type":"Buffer","data":"5zJeTxhgB/SpIKh9k+zPqOjGM6sCW4W3jfc7fSSt+48="}},"EPFzob/IsYogxlRYh1eYa6faSDXKdVNUd2YsOslcWPQ=":{"valueMac":{"type":"Buffer","data":"v+6aTeFXAja8cL4g97NYo5nvFhvkUpra22xjsf2axtM="}},"Eds18MZ+EvrU5bPHF5GqSk327hQdR8L11hidz4vzEqU=":{"valueMac":{"type":"Buffer","data":"H0T3LBmSeU0pFV6UJis8JpsOwVgN8NRP0Wwl60TLnSQ="}},"EnHYyX3cIxqYYpoEDmOXpXx8e7mNciJM4EEMARLxcqs=":{"valueMac":{"type":"Buffer","data":"V5er3xB26pALleDjEAvBSvo9rVmg+iPRIGXnu6YgOQk="}},"EscKchHAg5Yj7QYMirEihPMuL2k5iS6EsuO4SGjn3mY=":{"valueMac":{"type":"Buffer","data":"Og9fWt2/DqUI15h97Nzk7e9mKZrqupJNTJmoH51Uw5g="}},"EzOg3d2t66zkeGRKjH6zBM78wUthoSRZEvo1ETlHouw=":{"valueMac":{"type":"Buffer","data":"59I0W7mNuo0TzDrWJqYvBm47Ed+Z3MWBMnmgxRAVrzA="}},"FCnpVxgoX67Q9VtKC5Dlz+GPQkUFOImuHu5LlqZjVss=":{"valueMac":{"type":"Buffer","data":"sCJ4wuTGdAywM3HARx9RjhSjX7kkzYA/09uru9LA3g0="}},"FTH6R7JN5et1DYzN15QMdutkgZwKlZIPfqO9gkQp6C4=":{"valueMac":{"type":"Buffer","data":"vyfCwNsKPzoITHlNesH6HNsSBbim7GFNPUvt3v/7fOE="}},"FhGYLfS6Ua5kYXpxVS+r5cPOjj1Fn1YtaH9rYInENc8=":{"valueMac":{"type":"Buffer","data":"PVaNJWbzUzK/CuxzJnQLRdwx1xjQ6MC2hEQ4EIy2Ons="}},"FtrSjkvHEpxgLSVi4jrVtbjtNOdqolzhPM1EGxGFqtU=":{"valueMac":{"type":"Buffer","data":"wXrHItLWePdmdiOhQEeIbLetZ1gcXRbLaKBb7J3O18c="}},"FzOJkSr43KIDRow4pGsUk/NzItWV2mrkPHRqzgCXH28=":{"valueMac":{"type":"Buffer","data":"71BK9hkV7eu4dxc9K+JJu2aZRCsV2Ty5KA9wzj4lmj0="}},"F1ZNokXX6tNskzVPYduzQ4FtfmC9u4JcYIu3NbZ9eXc=":{"valueMac":{"type":"Buffer","data":"ciYpBHUbiysvmWrX0DlmWJJys5R0N4cpcDgmdVKe93I="}},"F7HL+T4h7Dpm0u1Y7tvVLZCI85CIowRxFjudiI6t7d4=":{"valueMac":{"type":"Buffer","data":"D8cp7MvRhO5dNL9JntjSQxENYm8KfNb3P5uJYKKiKhE="}},"GHN+xnxHZ2ispOtoa+sVfmAYA5QTpyTV7/FbIakbrLU=":{"valueMac":{"type":"Buffer","data":"lZG4MezGNOOeO5tg8/qz/uAV2/B/PkJnuyjkSerGSf8="}},"GHvy71v11MqncEBm911N+evNgDjcQjSdyev2u6m0Yao=":{"valueMac":{"type":"Buffer","data":"fxi9Qi+p6tkx1rVrTwu+BWBn4Rinpaj2RUJKpdKAZ5M="}},"GV+JfCvc5wERbZPkdZMKKhdc7+y4F9RmT39sonSBZbM=":{"valueMac":{"type":"Buffer","data":"yKI6o3nhUA89sREicgWnVXQCpjyPmIWTe/MgtBAer+I="}},"GXAd1IOcYHZL7ZDgi5GGvgy1+0mP5JPs/fA2NaJdlsU=":{"valueMac":{"type":"Buffer","data":"Dq4/WhVCjWNMi9bPjDhkVexy4xprLvztLw26LxSz5TI="}},"GX0E80mcaQtWifrx2gyqLDVbs/cZGMvaPpmHzi6kDOY=":{"valueMac":{"type":"Buffer","data":"z7+dur1LvH+82vqqlG38XJRIr1VuEuOKoeKwoFnFWiA="}},"G1rIQIOFg44cuH03Iltass6+6jdAvUU6aMTVv5+YvNU=":{"valueMac":{"type":"Buffer","data":"cWu+4OncDxaQlcFXzYh+z8MvNrewePaycoiW3EQ+x00="}},"G3xp96pMKeKDhS4NXYT9uVco9/S7WZCK4BG7Ber8+Oo=":{"valueMac":{"type":"Buffer","data":"K5J7kKNxlbWa8wub9+z63sXzbLWOCaii9ALrAE+rl2A="}},"G7pV2FIYraqzVrHFIIG3rfozhMw+2LroGOR4233QMdg=":{"valueMac":{"type":"Buffer","data":"UFEwrN+hrun08WpItWmDK+yoGLtH3KmohTZY5g3PHYo="}},"HEqGsTt/AAuKKprKt+q2oZqxyIxzicI07RadK0i4db8=":{"valueMac":{"type":"Buffer","data":"9CpqhPXWHa+EtYwxAN23YJX5MquWtxOzML2F7zs0R3M="}},"HKy1VkQSNXxB/QiigFDOqcKIwFGcQpeVL6rpTCdEoLw=":{"valueMac":{"type":"Buffer","data":"IJV5ZDKxp76hfuJ1EIuGgnAqXaxsKNqO2nOsl+LMZnA="}},"HvalrgkDelPkBeiM7SOhV5FcyIxxpkpVzdzDj6wr5yY=":{"valueMac":{"type":"Buffer","data":"illOHCopVIzL8NWT8we8E0ABswmjkD4h3h3ioIC971s="}},"IB0oEh9SEfHLD4y0CD1Z6q0py5HjL/VZ2U8g+plW2mM=":{"valueMac":{"type":"Buffer","data":"ucbcCzVe/chBEno55aK1+aTz/fzEm0euuYJDFK3mV9c="}},"IG+5yJP2dEinPVCMq42txeDyoraDmMJm6dZtXeF8ILA=":{"valueMac":{"type":"Buffer","data":"/3kmFOGB6MNJfh04GBG6HUD+MNorVUxy8dMWaRPfLSA="}},"IgIB6il/P+dUJlx4bbIqNlHYod9hEhUFvY6TIwNc58I=":{"valueMac":{"type":"Buffer","data":"otJbDjIu/cNxH13ViTQdiZh/V6jxpuAiTYzwSUmg8HQ="}},"IhoGrO+V5bRu/rI53qWxZE6jPcxrY+/a5vXwxqw5kYQ=":{"valueMac":{"type":"Buffer","data":"Oc9sQya2Z20myoBmTcaNhpdfdLiZdFCZbJK6tWbC0Gg="}},"I0CtVTtPlohWQcKSL1Wrq957zaouYNd+NPebAOnLQNg=":{"valueMac":{"type":"Buffer","data":"3ZZHl6YfMlQPcVeaX/bX/cMVWTQoI+8g4eB8aXGdO/8="}},"JFmeNg4f2zfAeR25/saqOQyERCmlukAtc4iQARi8Dq8=":{"valueMac":{"type":"Buffer","data":"qreO/jHOruF8TL3ZdWZXXJEEkNf9qP+fxCjhp+AhUNY="}},"JJSEFSwowf41RBP/wZyrouTFlp+r2jPvYAZGh8vDmds=":{"valueMac":{"type":"Buffer","data":"TtcOu4pe+n7T2heR//E7lV55bOIjxEsqScJzbJqQTMw="}},"JMYCj2Jpp8P1OiGTL9WAjKbIQKLPRqVAWGDmWScZ50k=":{"valueMac":{"type":"Buffer","data":"E0kjX7vcPlMJYXorjY5pxs8Lqjswqw3MaVRxxeiKXhM="}},"JQRhX/UJ7g6zxKGubWH5AmbUizQtTbTmO+nnHsEGMHE=":{"valueMac":{"type":"Buffer","data":"US5uYe+ipY7Pbc+isD5l6uDc1d28VCTrJy3/CrIH4+M="}},"JRwYVk7yRINCTY81AQb2iy5cW5Wox1/kq6bHxp5FFm8=":{"valueMac":{"type":"Buffer","data":"+l/BoAPFo22KwU6RcQNUoR9xC5hNpQxiNO+bAJF4tDE="}},"Jki4CQxUeBU7VELrFFVSFE8XmO7cGAgLAUUM93zn7qg=":{"valueMac":{"type":"Buffer","data":"4r65lYqtJfJEbY7KK/Bdidh2nVNHNaSlezHq55QiqKA="}},"JpeGSF8pi2868wQ0llRl/UP7AU4+Bh134rIwOXZX4IQ=":{"valueMac":{"type":"Buffer","data":"E7oFx8JvnlR1STTV/lkv3o+LEqxDdFhwhjXwg6UKn98="}},"J223kiivj5Ec57uCR6FByD0WGFmiE7v0Kg1u2AF6RHw=":{"valueMac":{"type":"Buffer","data":"oFn4Q8U1XDNqqxPAvfnhnw5ua2ARjTmQ2SXGJFjEgnU="}},"J/taVb7FSqYOtbPakFLqsHPcYd4lWCT6wsQryU7+ZuQ=":{"valueMac":{"type":"Buffer","data":"HlOZcXwcwCR4gfvrtylHCUvXT8hATOrWXf25ttDhsfE="}},"KPok/stXUYJQLq8FhSwvJFmevPyeZO2Hsw/3nFpFFrE=":{"valueMac":{"type":"Buffer","data":"gSsMGZUDqppbZ9I9givqRrAAzJ2KB9YQ8KISnfkkHdo="}},"KQA/pSOBCWzvNGXxt7J3doz0kPnzqX6tLfUvzUVR3/Y=":{"valueMac":{"type":"Buffer","data":"fUztKiiOyTtvKo2iKWJLQnNZjShz4dHI49//SqkiJLA="}},"KWZ9qYhEJXLbymJKebeDnptLRVJ77S+NIBBitrviM6c=":{"valueMac":{"type":"Buffer","data":"W05c7TwhIAnudOWMr9BeLnffKEL2QlvF4fqD/g2r2bg="}},"KX8fDTLfwdLAs+6h7weVUbuEHS7NXAgWBttSrxrPspw=":{"valueMac":{"type":"Buffer","data":"EfFKB0HDObzvzjMi7Zt9FTlnv00LR3lvsqmWMDVxXmY="}},"K8xugXWnWuM5xJiOZWsq3I6Gcu0m5YsgZVuOK3MzQLk=":{"valueMac":{"type":"Buffer","data":"1/WMbNUSyM+PILvoRTVkqE9THh2J6oxWzw6bB2XGk7Q="}},"K9RQ695d/fdipg5gZJyq+HI3+x5DBpb6ggensgNURJM=":{"valueMac":{"type":"Buffer","data":"ti+YkMikeSCh0K4yowANmz6jXRQ4pyh05pKJnMdegEk="}},"LDhCITDI6zPC9V0RYaWYh46h+hhrbyAYQaAZx+T8wjk=":{"valueMac":{"type":"Buffer","data":"yaFZW/YSmcfKIADyDHn+at4t4y12foCHIYUq3URiDys="}},"LOosDJWGZrjoIb0Fzlm+00+d3YLMig9GlZaIBoVJV3U=":{"valueMac":{"type":"Buffer","data":"50Zh2sAwtQiPMoTsfaPy3P/ncUMlpj425ZhP6QySFsE="}},"LO3n/PtYOZsqEb2xAMhcudU9atozYsCmX+fCX6y7M/8=":{"valueMac":{"type":"Buffer","data":"rzyBlfkMa2wEcidTbDGpg6qJQb+qKZ8GOBnk+gyYGYQ="}},"LUg3KaFGyxX55PSxPZDOZ1KwXBR0U6yAXBWBJyGNP+c=":{"valueMac":{"type":"Buffer","data":"fZAa5T4S26kgZOxFglmfISTf67qZm1Y9854zudxG84g="}},"LauAeazSOK/IuvIT2KZ9cYWmqiEM9dTE//uAVDIVmeg=":{"valueMac":{"type":"Buffer","data":"RkKC7a9ZfxMpKzZaAi7F4DAzIhupImod+XDFjtjtEoo="}},"L6JGZJdUNG6nIr+N650LhewGqlyYCSYd9QAgyBlFxKY=":{"valueMac":{"type":"Buffer","data":"2bZ1pBZnikaOQtROlSbzVR3KLJ/FKUEGXik+Wm4SIbw="}},"L6W/MhvR6pkHSSI0dbUzGDOQiH0WikrfNME7/xmB90Y=":{"valueMac":{"type":"Buffer","data":"LT/vTzLhhDJmPIe2gzowvkKjh5bLjfcu7vbp79Y6aMU="}},"MBj2hyecvO8oVvQmxZWKDkIsZIUaF1Dbi0CRtPVf5Ts=":{"valueMac":{"type":"Buffer","data":"PKLXhlerhJg857gk5u/wkJmPZnAXNuBgADzjfhIfJCg="}},"MTtKWtABqM0XkwDWvnfec22g4Ucmi2yTZq2kvH3PM4M=":{"valueMac":{"type":"Buffer","data":"CjY13iKb6lAOKqkECJSECtPB2ZLguSspH7aUGpgLChc="}},"MjXCJ/OhjWZ7v95phFbwoaLmWj9ifNDtEKG1wUrfq4c=":{"valueMac":{"type":"Buffer","data":"WpWBaihat695EJ9zTILxJE3fismDrjkGtTnFGz/+jvE="}},"MlVcq2zOBKkkrj1NwZZ9U5JxvcObEmCO4PollhEi0QM=":{"valueMac":{"type":"Buffer","data":"SjonHfBU8RnxfmarzflqLbgO24ajlZqMocIQR7ZOAEg="}},"MlgBrw+XroeFnc5vYqTM4nNIclSgwMwkfuejjFyUpJs=":{"valueMac":{"type":"Buffer","data":"KHJlUeVNuPYEfUTtbTpFwvROLbhikPot13oqj8IQlPY="}},"Mn5PJHkLhwt5VRCAXq5R2glOto8Dx0/5OgapMWgeeRQ=":{"valueMac":{"type":"Buffer","data":"X2DnyuN1HeUz3qMwuXy931ir/AMnFhhbM4qxO1Uw9oU="}},"Mpo5emL3vMJr7DELNXNiJFQgybm1vuiOAiaLDhMpPYk=":{"valueMac":{"type":"Buffer","data":"S8djaX4vQwI2ID8dHRY2wY7vleqgPVbuvhvH6m9yzPk="}},"Mtxzv2knrf5qGtXCKJz2lHPXH6PDQz1ZOH4hFZ6zgT4=":{"valueMac":{"type":"Buffer","data":"E/6Vn9j11CoIpgugUkehHrxX/vneX5vya3kriWrk1l4="}},"M1w/2aaqozVqribzs4cVRbhsgSUMaeO6tX+Na5styNU=":{"valueMac":{"type":"Buffer","data":"oPwM53IelusHAXsF25D9nyv6banjxGuhBZRkeKeVncQ="}},"M2xMzrwictqZozJMF+DpC7gfdlvklMOJS0Ru+LUatzs=":{"valueMac":{"type":"Buffer","data":"Tn17+3zcqY6NttP2+0BKHPsi9r2+2DFI+F3nVUohVko="}},"M6BMR83LAP+wa5dcBFF6xcnvZ4P7GOA23OG2N85bHnI=":{"valueMac":{"type":"Buffer","data":"nBVgU0CPNZdSh1x+sAUnHn3HWzYLN2bI7rqnviNy+3o="}},"NIXSNanVgghs0+zKvtvEmoxeEhy29nQxPbcBbBaugLc=":{"valueMac":{"type":"Buffer","data":"zwpSJn2lsX+fuKWATUYa257FkdJxbHN692tvZXnQwGU="}},"NP1FhEs4w72LbQZmKOLnWKG5lhdMjoKP7UEa9xPmsx4=":{"valueMac":{"type":"Buffer","data":"TyzH5Z7NsmleksLCBPpe3Bp4sxi68YvFSUZdaZrwEGg="}},"Nm4u2tWxjdcBtgdBiKsaFWOtwPOTDZD9ce3lugIF7x8=":{"valueMac":{"type":"Buffer","data":"Beat7h3aUV2FhmeCGEpU1Il2GxwiqUnv8USztetATFI="}},"NtEzyySIcb65ev7EtKxqpqEiEoaRMmcF7pf2vCxCysI=":{"valueMac":{"type":"Buffer","data":"PJoJ4lCyQbets8/5FwD7Ehy+r92DzVmMWQgytIxCHrc="}},"NwrRRizSQtP7/FK0iFxVgWJUOnSQ6VEyNwGoRwwdJ7Y=":{"valueMac":{"type":"Buffer","data":"8mgWJ3jV14khPzGT4OgTAQTW/SX+Bqx1ovDYfaDwdAo="}},"N2vTNw4EFUW9YfKGxIQlJbAW7HbH2wAg/pCiR+C7EzU=":{"valueMac":{"type":"Buffer","data":"JuVMWYyQC53ajE3r4L7Wk1pb+dEWGvPdTEJmDgKKK64="}},"OD090/7fHDjYD9gRNv+6zmG+ELsUHFUi64E2c64EHUU=":{"valueMac":{"type":"Buffer","data":"1ZNbAhLI8bLuHkoA6dN28DdqApiOMl4JG10eYBIgh+g="}},"OJAFOphcxfI7OoU+R8Pa/CUl5cdibR87xF12cWkruTw=":{"valueMac":{"type":"Buffer","data":"hugUQYZ3Hz+2O3FLXCug8s8qBFn8oJIH8Xj7O61spFM="}},"OJ9BRdbJBZxHygQwviIBQimJ7PchHH3Rkt+hOwE+6ZE=":{"valueMac":{"type":"Buffer","data":"W0Bo7JfP513NFFUw8YCytp9JIsyXh7mxri+eXL8FwFE="}},"OY6h2VS2XlJKpbNb+3KYKicObBFgmmDMDgOHK/9WMAc=":{"valueMac":{"type":"Buffer","data":"u9sGqBX7byHyP+VoD0vJIerARGneH7We0MSBEXnThXg="}},"OcCHbXosCMXnkAAAuvOnc1JcULM81qP1jLmGkOrg2Q0=":{"valueMac":{"type":"Buffer","data":"ODMnuYLRAde42zCrWFwMWqdVVJKF8h7G5hnLbr8hfYU="}},"Oc4EYLknA4b0ScZcfAkETAdg6r3jz66cNJCxNBv3j/0=":{"valueMac":{"type":"Buffer","data":"XzMLSo1HO6NcW8LY8AqCWTsk5xtKAkDUO5PtxMXOM4E="}},"OgOWSfbEw2IhVlLh5u1g212U3haDEkA9SuxGniOupVc=":{"valueMac":{"type":"Buffer","data":"Z5KCu7xOl7wDxezNdpc31hyN+jXgDOwMfDxBYigaeQY="}},"PkCWPSKcqXUKXxly+O8DxdvZq0LLbBJD4cx/gz+qkAk=":{"valueMac":{"type":"Buffer","data":"D8hFzXm5Im43KDjnULKzqqx9sGhI7k3rOBQyvjdYACk="}},"Pnszhzrtd8DO4KYjvh5mwDaLVe3tYoFlON55/UEndE4=":{"valueMac":{"type":"Buffer","data":"WfGdpBKvwieZ/y16atjV9PjhBnivz6yCmzjkNB7bnJw="}},"Pusabh6a4lGTCmorg/uwOc/PZiT1Xxl8R8a+hzPzvjw=":{"valueMac":{"type":"Buffer","data":"vo2GMeRyT7F71hVUxSikKIpQGVMKvniJrW2z28pm2Os="}},"PvpwyT0VyH339fBRZplSHsttz1yJDHYC0UBn4pQCvD4=":{"valueMac":{"type":"Buffer","data":"CH6txvMWkrTiA7RBRXnIRC8egprn1OMDbmAcQRQSMcc="}},"P3ndDjztOkbC2Wsog78+FU1d9LNuWJIcAM0FWPtC1R0=":{"valueMac":{"type":"Buffer","data":"0Li1X+HbbjxDu4/Ugu5kPGjtXxNst5SkK5oxvEsM2Zo="}},"QJ87KR5wCVQnRz6TDyDSYtt3DqQjALfZp7CN86KtyAc=":{"valueMac":{"type":"Buffer","data":"Vr89321VCJa6n9m6H/2BY/KhUG2JVKtrgw5PLdqIKFA="}},"QMJcZUzTV7KccxkjeYg+O3M5EUwhJluMlX9sl72lpE8=":{"valueMac":{"type":"Buffer","data":"wrPqxkNGgV4fl/H7ePAKFAlh+sjtAzfJzhikTiMSvkc="}},"Qd6Vvm9nrtRIaHfoYwq90ZJ3UELb+PBS0dAAXvMcIl0=":{"valueMac":{"type":"Buffer","data":"BymDruBeAfW5WXvB7vmFFhgRFHP5rVmZjfqfZUB2tCk="}},"Qm7IPFtkGmpUbxKD1O+rVW0eczuDwXj9m1b6OfhcvTM=":{"valueMac":{"type":"Buffer","data":"wSzpUL9iACKxRwj7lMY+34hQh2XOOgFnb3p4hnOCr0s="}},"QnTtFOFzVCMu+xpHEom9lmv8T4/m9Q1KK2/qsH2zm0M=":{"valueMac":{"type":"Buffer","data":"MNtNpkCyhLiF3Trw55NZoMocWp6VGWe0h2DvNr0qP9I="}},"QsDK/d46Q1lVpV+XsKserXESgcJ5I9jFS4Tx+hnhRNY=":{"valueMac":{"type":"Buffer","data":"bJL+RMTmSf+JzMXhkiKiDk8iYHEJZh7GbYTQzLxOAK8="}},"Q81z5penBG7cTLLK8/AdwzgA2N5UV/9fK0k1rMHJ2ZM=":{"valueMac":{"type":"Buffer","data":"c3Z/uEOewzGMRFMn+rsMplOVe9Z9qObNetb6G2UcJuE="}},"RacvhdMfrVqAj2J3rR1J0GHGqJN3kT5AtpIi3hRkJuw=":{"valueMac":{"type":"Buffer","data":"8B5dIrScN0qDPzQMWdHWAcCb9FpFi11gAWrHr4rREXc="}},"R1Ry+2cG+ZHuaZ483O7VzMbmYOFKTkYvvdmHrOmkP7c=":{"valueMac":{"type":"Buffer","data":"oRTzrxMXC7BvStq2PLpjWBcAA6JSSYQJAbQjhy77krU="}},"R6gp3PwUZF8o6sGcL1Omxuh5zwXuC4uldpIGgHeeyhk=":{"valueMac":{"type":"Buffer","data":"7T+aAD86oUopcru52blbvp2KKtOnieggQNuuC3TTJWc="}},"R+G3YvGL5kxtFM1MIVYUUjonsWbx7xRm40+KP74FZts=":{"valueMac":{"type":"Buffer","data":"+QDlX/grEIXhU/z71cZ7NPIUkJvuQZ0Uq7aCX+lDS68="}},"R+kA19F2DGfTCdbsPeCsqx6bbbcuZuqAP9bbv3zy1os=":{"valueMac":{"type":"Buffer","data":"gq492ZarQcG/PQ2zCKbFaAgWRj2tEY99BmjJl/gumRc="}},"SVI+3/dhcZr8430HZaLfS8b/kveuZS1/iF4b+NUD87k=":{"valueMac":{"type":"Buffer","data":"4eyHyB8JcU095uBllD7liPi5sFCoCV9HmI7HitWo7iU="}},"SonMUht9BACIvpsI/KEC63jrVz0EQuO2Qtrwllo1Tyk=":{"valueMac":{"type":"Buffer","data":"k3jsv5n1Sbe5RnZP2cSbDKatj2ovFFX59igRalukRKs="}},"Su/eEgMuaxRtJxtwFrD4cTi7qviWXagSwlaJFVzPjvU=":{"valueMac":{"type":"Buffer","data":"M9mF1aisrBfUIOpmPNSeQeaq81T7U0HoJmbfeKDHl94="}},"S1O/T6a7z1NDyL8m0WqJN0/ete5IIp/W7GxPyeTWqjI=":{"valueMac":{"type":"Buffer","data":"ABjNG5vA9u2m+G7lL3f95xyvYWaP3mmVPmvdyCt/f88="}},"TG6x09EXthZgrRGM7IpWvBcxCV5T+SDF4vXsICxoNYo=":{"valueMac":{"type":"Buffer","data":"w2F2hDo3761RWdACeSAZmvVp9dgEpkZNzNdo2j2logo="}},"TIssAp5QqH0/M237Jzfys/kKV7udcuuPn5u78TKNNwM=":{"valueMac":{"type":"Buffer","data":"CvQWxiET5sv2QYaNdxCxvOGHmNEKEFRiBafeiIxuZRs="}},"TPYXXiMbQ2q4k9G8dYsVT0BtnEXE+RoP1O4KEO2pFWk=":{"valueMac":{"type":"Buffer","data":"J4cDyYT1BGdZwkj+cBfxuDEjvVjW+io6h7RXcTByf20="}},"TRr7exTg3OjEaed0KxIOveZtVSbNRX5hHW7U+/HhWRM=":{"valueMac":{"type":"Buffer","data":"AUdRkrdfojT5hJmk7OvTz6W3qN69X7CJnfXnYlO6DcU="}},"Ta0yaEdQyCcBOkl2y7lOgcK27sXIQad8hbvHD4auQXE=":{"valueMac":{"type":"Buffer","data":"QGNSA++PA6c+xtZPsR51OUEMUG54kOyQA1K+7BcZs0A="}},"Tpe+SQMkO+3sjGvgxEAdVatm88vMV6S0kx9NBL72ZHE=":{"valueMac":{"type":"Buffer","data":"exZpTO2a10lzf2n8cJxnWT1rWw4T7WsNudSu9E+6HuE="}},"TqBNvVo39jRY+37wFrLLod0WqX5c6EffSm4clMRnY6o=":{"valueMac":{"type":"Buffer","data":"nxXN1OrW/zU0NVeZo4oYDPnYC4hv6cCieFVJIOcHsPA="}},"TqgM8X5J0iKuPxbPHxX/3+vymHsnqGQDq/GSpRj4ZAQ=":{"valueMac":{"type":"Buffer","data":"ipMAuWOjasgaNdAfD3Urp//rK/oKe5VYEvj7OLQUpZQ="}},"T4BQMl1Oh3QUCLXp1mxoU8dCUNAKZX8ce68i+d/fR9w=":{"valueMac":{"type":"Buffer","data":"6nVK4Z4xZpxFAkX/nJv0U2Hq89I6UWAzapgyZnwhmI0="}},"T+BvP+ZzHkm5TqIQ+Zw0qFVb8WcZ1ECw48NB582Cwh4=":{"valueMac":{"type":"Buffer","data":"tclqVZUWqZ8jL/OVEAzs//IXbZZxTs96/P0lYjMWiAw="}},"UIBtwcUygrtPnbCwBdMlBbX+NtivKi8wUUAw1HQ9aQY=":{"valueMac":{"type":"Buffer","data":"ZfoLYXZgbm9MWwDQdz1aO3VxLd0MrFk+xl8VuezstEQ="}},"UJ2wskRPoGLYt1OAx8jjFq0t4WHlXcfeg+c6pdYwnIc=":{"valueMac":{"type":"Buffer","data":"uqMd+CwE2aqHaUrFkBrLW+Z8LoWqtS2+fs7mECrgXIs="}},"ULGiQyClYdYMZK64HWrKKlgC1f8Xi0kWTSsnFYZxDHo=":{"valueMac":{"type":"Buffer","data":"c7XRML1YB08bon/aYN57md2kPPNpu3x6wj3lcn1GeCM="}},"UV9uWnG6jGSFgt0KnIZlfgXRdAgNjl5SfkihN0wnsZs=":{"valueMac":{"type":"Buffer","data":"efduxsZFF/lMLszAOvLe3Q5fw3f8LboOHGHNVhD4Nfw="}},"UkAUa82ZdfJGO6poh9TL4YdPhVX6Fa/lzq3MKOjhY7g=":{"valueMac":{"type":"Buffer","data":"jopzUpcpj+9RsoxUl3FZoH6Cka6HFzyvYVXZ4WnXnr0="}},"U5EILuCqq3uoCTV1rMoqcq5wVuyTfjoEQp29v9w83Qo=":{"valueMac":{"type":"Buffer","data":"4R+u6cbSf1AMd6bS4fVQuNo14TyPeEuCa5w41oVmIqg="}},"VKKvWdomWyz3Q2/HulltXM5YVr1HTc70iEHywtWuN7w=":{"valueMac":{"type":"Buffer","data":"B/tisQWbBDcx0sOZFRHfo+e12OyTtyuJicDT5Btv54A="}},"VKN+0ID7tB7qDpOhqGpaXzJJGFWcUW7RIwXWRRbTbiU=":{"valueMac":{"type":"Buffer","data":"l3wLZZjYuk26deZ/gIYlpHSWdarvvahB8nuZ/DXjmH8="}},"VPxyGIbuOTRiR6HTehpLAgR6akKraYiiV0/VMtMX3pM=":{"valueMac":{"type":"Buffer","data":"DfBAsRA+BeWPmCkUr1E8tl0udpsFJC/e17xk9GxF/jU="}},"VQnBrdz0fWO6fLqHRKLd/tcEtFTdza1O0qgB3MMza1M=":{"valueMac":{"type":"Buffer","data":"p3qhizvd6UAgmAkLcVM/vldgNCSKzpxMgMuZ8uVDzPY="}},"VUE68rsf7Gikss+FIcCqtWn86NE8qS9iZIiZl/jOY34=":{"valueMac":{"type":"Buffer","data":"6uFlpvtKBRejSlXwkugCPiXUOnuFwJIecnD2xW7HwoU="}},"VYdhPMZlp1zVGJ72Ljsv+6pKWcfYL/ISIvTQXgwOG7U=":{"valueMac":{"type":"Buffer","data":"lM18S09NXRcjb9oAiI8xpx48qZ5L0ujjEhuZn+sP4I0="}},"VbNAp8dAG1bTc2hTe3GO+EyJq9Mh+rTWdqVAMJahYXc=":{"valueMac":{"type":"Buffer","data":"oeNnTgyPBJpZVUYNlB+2Ye6fJb9T8KyTovycoeSsNbk="}},"Vi8DPsQjo1lSA5X1vYaEkQIIrqakEfCRMNKAjCfJ2F8=":{"valueMac":{"type":"Buffer","data":"BLBst8sEnAmAWKdsg7nM5zJkkONlehSTai/QU13rsiA="}},"V3pDyeBFMVNU0DOb63KWO3k87lw8fkW0ihmQ+artk9E=":{"valueMac":{"type":"Buffer","data":"Qf+FMfmcH7EwDRSRj95gG5WDkhJtHfLsCmryb0/yn44="}},"WWL9cJuBvJWwaAjwp5l4jfcG+jsK9h4vPR8nJLGks2E=":{"valueMac":{"type":"Buffer","data":"yZdpUEf4oojo5suFWz7WDsUba+Gv8BHdu2dTcSPuvXs="}},"WYsrMpZi+eBuM+tWXP/kwPY8qqHfEJOkEcqMahWaSwg=":{"valueMac":{"type":"Buffer","data":"Iwt4NC6CG7z6ZcLqyv0aDlZOw461g4RCPj5OFnQK7J0="}},"W9MyvWUaEAJAq1rPE0rwngcowEKyoG9Jrxl/77chOGo=":{"valueMac":{"type":"Buffer","data":"1QZNiJlbSoznVjV1PKKJ+cz8Zwc5FWth7JET/dDjavs="}},"XO01eF8b5CXxsIjoh31TVlbwmyAsCxBZ+I3WWyWXI+I=":{"valueMac":{"type":"Buffer","data":"wJO5i6I4oWCQM+/RcB8XLG0/ueTFdkxBlfZyN7fxlvc="}},"XsbBoVUfHzZbbmLFr5iQ/8YAK6p7U5MtvEey0pZFBtw=":{"valueMac":{"type":"Buffer","data":"9S1uq/B3UbiMGfWtdyub9aAi1irZY5yo1RB4TxGHb2s="}},"XvbMnoy5rQrptKLOroPZgUBP/ZxxIarXi8B5Hg1d4JY=":{"valueMac":{"type":"Buffer","data":"BCONff1ZByu4I/WXNDS8AXw1mpVBy63uMN40GBd9emk="}},"XyaBj+qGmMnQQH0Bx1PJk21+TiDKp7fY/qyS/suaEsg=":{"valueMac":{"type":"Buffer","data":"82AFLsaKpEp9EEBZu33prOcrzLeVgI/Wrp0JbYO7S8E="}},"YRfgOOqxOfLqj1L/KEfY0RsAQYinOrWBb1DNbny0Qgs=":{"valueMac":{"type":"Buffer","data":"NXvwOvjwHREeaULCeNYWq7+mdBUVNm6ADRZzZVxk4mw="}},"Yj/AYmR+XN1ccrn9P3ff7VZIVaR0TumQXGg9f4p3V1g=":{"valueMac":{"type":"Buffer","data":"cmPrryp2XOHEFCdJMVBw3aUy+6GSgLWPNrGVVOS18Pg="}},"Yk0GlPBqjzjSWaMQbpqCn3yRKejb4/z2QGp1QNhjCCE=":{"valueMac":{"type":"Buffer","data":"p79PUjyCpiDpxubS6AXYOLp55u5HEi5IFutD2D9618E="}},"Y+wEX6fUlnoOHp2MkASPw3Zg3mNFlgV19dMw1d4/hks=":{"valueMac":{"type":"Buffer","data":"0CkSZnG9q4BAMAurTFDuaFkZveWyRssw4RAVSXuWw8k="}},"ZOm2jdvGTutDDBCXDTK4uzhFuWOBoZBDtFnsuTTG7y0=":{"valueMac":{"type":"Buffer","data":"JWwb1A0ARbCK3OmZdeHnOiYD9WX2S8CxExMjZWu80gM="}},"ZeQj2UuWUNCBAboCofpONouviSu5j3N1z3wi2+ZbYqo=":{"valueMac":{"type":"Buffer","data":"BtcfzPxypf/yqBViejnDxYUogvuVZT0kBsjRZvrwhmI="}},"Zt+e59WnjAlx5f0v3a4wWxxmzHiimXofMXgof7Pe06w=":{"valueMac":{"type":"Buffer","data":"e37geJ3BInE9zgPTsc1ikA8bpftRuJG4WblEpduUOzc="}},"Z5s5idaY/GdHA1BRHhRr+56pwn1XNaulEEiY8uP53/c=":{"valueMac":{"type":"Buffer","data":"tl01y8HaVbH9aujRknkUNgA1T9Il45SWcKbj1Ult5zs="}},"aCpnKyh9jyBjburrBwooHeamu5MQ7jIvmGA9Cp7ou8w=":{"valueMac":{"type":"Buffer","data":"4W7g2Tp9z2SWQURA2QrOKdPGZqXpjQACUVzmAo94NTc="}},"aEAh/W07KxsdEXahjJ/RFVq8ZsAz22HFB9LqWCHVjPI=":{"valueMac":{"type":"Buffer","data":"EIm/YpAqWWzWufhWP8Qwfv4pmTgcLWa9UkeFGuKr6ME="}},"awjT+lxGTCy/nEA0WYmP24wrIvYssUbZweasHLaIO5g=":{"valueMac":{"type":"Buffer","data":"XbQ/LLGDPVlllsZTkYmcb7aW9AfBDSxr7JpXZi9cDfA="}},"ayRsIUxdVXEaYdfoyuzlTKaKu5yAdd7y7BFXY0W+eSU=":{"valueMac":{"type":"Buffer","data":"DzQ3CjPqDqbnguIus/b2zrD9nFQARV/2e7X7Z3FAn1A="}},"a7I0gJ2JudNWQMzazdpj0vkRO24wGs4HJn0NGREPyr0=":{"valueMac":{"type":"Buffer","data":"pqGU/YsU8bFKLMGUILA/j88Enn50fBpTS4qp2Gao5EM="}},"bP5XJU0ZwSdlmL8JOOGkc+gkEmL/uv5towU+Jer+UqM=":{"valueMac":{"type":"Buffer","data":"rWQSnY1N7KMTm7IOj3x3rVl5HiVAI6WFoSf7eOCifVw="}},"bjZQQ44BsV/IjNrelpVYdrTKXgqIDf6tlQYcvtUiBNM=":{"valueMac":{"type":"Buffer","data":"mZ4LmItJ45h0QK3m6CfDD/7orBmGiDFp7tkwwnNoRnc="}},"by8uOzyd40zm8l0/tBllOBpaYMD1f/g5+vjvZpYK+Y8=":{"valueMac":{"type":"Buffer","data":"Q4dzBTHZSrp5v8beKzRoYKXl4LhiJsdvJPrCPsAeljM="}},"b4647ZBHoexl1XVaYdo8RdYPysDYhIeJVpCOLUKbsEw=":{"valueMac":{"type":"Buffer","data":"XEk26rxRidb4fFd0yiNnshIEn5zKru2lzSHvuuY7WXg="}},"b6QrQnZRxbrl2Bhfcl7e5qoIqP8S2vYz1V5jFJ+gRn8=":{"valueMac":{"type":"Buffer","data":"rM7JbKnuhMxuB2r5W7HEoWJM7/blVEpe9YnnFfZJJO4="}},"b/BbXanINrsPKxDF8ekEDSWpXaIQaWPCYgXaPhODzRU=":{"valueMac":{"type":"Buffer","data":"LDeQc9SSXD1tSviywC2vXdyIGWzBC5ScbfuQLSBpM9U="}},"cPSiOQ1xarZO7EHxKd3Z9Sce5F4cf0QTrdVLFwLPEAY=":{"valueMac":{"type":"Buffer","data":"tA7bJ2J8W1Xsg+FKR5dBtgCsuV5hEguNiMPq6GidKHQ="}},"cTnB3HcWRmCnoc68HzYgGFFkcWuuv8MrsjgOcFghBd0=":{"valueMac":{"type":"Buffer","data":"aX4l/bw772870mH4YYNx2lz0oLuqvE0cGT99y4jx9QE="}},"cboi1ySsLLjs1VjOCahqb8pr7Bm8D7sUwgTEbjQgaUI=":{"valueMac":{"type":"Buffer","data":"cL0A2T6nNgxuNHZrSS/DeH0Ty4h3D4CpejifTsEmtcA="}},"cqSjeYl1umN4+Nvd/yBEJ/vl5N+rhe/g4cak5fXJQU0=":{"valueMac":{"type":"Buffer","data":"Dkf3IdnNJSH3Sf30K/wimHJDcaFltrNTIzMIwvZ70DU="}},"cuvPwJJaCstceHPGKKn42H2+ZyngDa0auWMOZv1XPhU=":{"valueMac":{"type":"Buffer","data":"+3hnMUuZE78dePDICwBXSfKckKz6n/2xgD4y6bpn5yg="}},"cvzOwESKKrbXZ8UmCVgjVz47a1hyy/E3KrS33VprFqQ=":{"valueMac":{"type":"Buffer","data":"2j5iUkbkveXLXaYN6pyvr6cLu1MIsCFID++VCMCxoGE="}},"cx/1ydk4pmNxAHh9g9YJrqYIZhkMHfsStUTtmBXAeVU=":{"valueMac":{"type":"Buffer","data":"kS2xldv1d0dkiU9sQiK4DmREDpqMO4Oyi6L3I0dEOS4="}},"c4GMWygPlC/hUarO0h+ACVDyOzcK0e9FujRIC0uwWRE=":{"valueMac":{"type":"Buffer","data":"P2WhzNoFH6uQ24zGe7dXhdLJZfpkjVrunsUodsuzK/Y="}},"c5vz/CViZSPkQqzH9GFVBgNYt9Rqxt/eErx2ev5j4J4=":{"valueMac":{"type":"Buffer","data":"8BUl6NNpnNuHYI5MqHj33Okt4hedGU9VxsnD9I8YC/8="}},"c6jgj0QbXgKMcKDY7BTpmt8d+lB0d1kzGihMdqPUP/0=":{"valueMac":{"type":"Buffer","data":"0FnYEuqyRANMWk4QAg8tG+UmUYJ/goNyYjyAEJDgDYI="}},"dRNX/bKgkCAUHAZOeJjtcU/Zfq+NeHgytMP1+GlSyNc=":{"valueMac":{"type":"Buffer","data":"dWu6BSlVEY8zJXvsYXkGd9wLg9KZx1GQCJksKwU41YM="}},"dhxbxd3DXwyfGWvzz6YhYxp/RfaTH8M2HI6AiylIOsM=":{"valueMac":{"type":"Buffer","data":"mMpP/f9qbbPDExAs1mib+6XtQJAiPgbE2FV9LyK//3M="}},"drUzmBv5X1UBNImKaMrFseOU1Z2w4N35BqUp5k6jLE8=":{"valueMac":{"type":"Buffer","data":"NTr48aL/5mpAHZ53posMq//+PHaD6oPRbk7jqVJ3U9I="}},"eECPXmF6HjdPfU+p2y6XgyQit/Cb+h+uauwGcDuIMuo=":{"valueMac":{"type":"Buffer","data":"DUupEAXxFkjtGq4LD0Q6Vk2Vu6CdXb/m+Q9D7lALL3I="}},"eJjAhdXy1zFUUV9u8LOnq1Gus55nBlS+qoIOn9CEap0=":{"valueMac":{"type":"Buffer","data":"MxFon0CjG1mZXWTLckgf6FVIdcQ7PrGOm0ZeoOuaPRk="}},"eVhJWcg4lKZWCeOBbBxHQZ+wyPkXKKF9JP2HldUteV8=":{"valueMac":{"type":"Buffer","data":"Qsaa8wpYJwJ9aSTJ0mAPqaktq2xtNO10SRfZ1bhqegk="}},"eeT5dI7UsOqa1Oxt4nEQw1aMa3TDZI1N007+2fjxCaU=":{"valueMac":{"type":"Buffer","data":"s7xd4LmFlgFKKUWmLExk+Stb3zZRmy1oavol3hV9dPs="}},"enlogi3XtMdVLLKUR9WZ2OFffd4CtJeVHMBCQ2Ck7ws=":{"valueMac":{"type":"Buffer","data":"vslmnVKFVta+2Gk6PjMj0epQ/hKdkt2/7p4fjbuDAoY="}},"ewEg/9hshnpFSFU8izbsSkq0H9LiI4haC98N9Nj3xUg=":{"valueMac":{"type":"Buffer","data":"gtGTncdDAD1J7DR7vLHSaTgtvD2UF35YD/mNUEwKegw="}},"fMYaun3x5vpIZOm9kt3DZmOEP66vlSzeUAbVSNG1RQE=":{"valueMac":{"type":"Buffer","data":"Ssnmr/jvIrSCGXHYkWJBsa9JHRj1hDWqg0SL3BHPfcI="}},"fZRT9LbeMKyizg3JO/ybVWdqf4a2dG//HYNNm/XgfIs=":{"valueMac":{"type":"Buffer","data":"xun23QBDkzUMjP7wKrkf/B5ouPmlJMPooVxhAaRSMg0="}},"fafh93jd/imsUpKyZ3ErmKxElM3k9CPj6CcuUzM2kgI=":{"valueMac":{"type":"Buffer","data":"k5TFL5Giu6mjc9VZ8+1F12lNUtph3sjAec/KI4bZ6bs="}},"fj0VG+4+OU105hc2gg4384bLSimTqQz4BI3taqkwUzI=":{"valueMac":{"type":"Buffer","data":"pEurC09SXpzomNd8y10Vc/7tgviuPsr82Jw/cfQ1Ujw="}},"fpids+SUyMtHdaClZALTUxesgdjrsmda9Qy08RdlheY=":{"valueMac":{"type":"Buffer","data":"6/6DXLOlTSS5HMSlIePxIb1F9TQWqFe6AXl3YjsQHF4="}},"fr826vAOATrhjPL6RSAKTXoWgqRAinsb9GnSjSLicak=":{"valueMac":{"type":"Buffer","data":"1L8oPTWqT9MUwoTt8S0U5o2Ksyrbr/xKExj5QFXLxiM="}},"f6May88wxqtJ+yurB99Q79JEmVtlM05EAl5lRpCFCEY=":{"valueMac":{"type":"Buffer","data":"SPgzH4+E3tYQ48GdiE8UQB3i9+8JGmPza9yhL491CRw="}},"gIyV47HC8rv5TrY80vZxN7P6gOWtsENDxskVxGY+Sjc=":{"valueMac":{"type":"Buffer","data":"ZlhDrqCou4MlIhBt9mdbey29xqem9CedKuQJD8X+jHc="}},"gJqrAW8YM3YT7ery6GdBGQXiX6ZQczhL87B6HrfAzXs=":{"valueMac":{"type":"Buffer","data":"4qN3lyoqv3wUJaRMWRbYMTEF9A6Ku9Uk+QGaFDaHvI4="}},"gWm2NSggDnJSalZjwGOBdaziuW84QTkpboQeXWStBDI=":{"valueMac":{"type":"Buffer","data":"or730LmEGBt5LBv5C/S8ZllNESt9Tk5CJi9Eril06WI="}},"gwPLpH+xjsXHvYOVuL+d01d/Yc7ur1nNVF41oox7M1Q=":{"valueMac":{"type":"Buffer","data":"mLpa3qScNLc+/KoeT7Hr7PzZQ9DOazxUdO9PzAPpsBg="}},"g1Wj6m6iDnlEMZR8HRVOy34fu8FoQvCD26BMgeA582A=":{"valueMac":{"type":"Buffer","data":"ElmWR0rZoDYuAt1kZYuqAxvo+zCS5hAaPyRVGYbhR18="}},"g+i8PRcc2hvbByHNltRsMnQEK4SPEDABVsewZowmSJ4=":{"valueMac":{"type":"Buffer","data":"8a5ssqvmbeZY4BexL5GRQzUN3jANvC7oaGM+LkTYOGc="}},"hAqmb6Ak9lH5eMjtcibZFIwIfGbz1zgEDeLTOY6JEyY=":{"valueMac":{"type":"Buffer","data":"IrmYEIfyCutou9jb+sOVh7p4KwYtaFKArMU9fLbE4QI="}},"hBD/3Oe/hx+BGIP4R72BCJYS8vSvBBAv047eG8W02G8=":{"valueMac":{"type":"Buffer","data":"V2iPb4RWVL40Wjdpr9r2mnFEHL0jbEe/Ir71SwlTGf4="}},"hRXJd4owrtQE4WEGEm5YA8IgP2+ESzxbNQnaIO1FpeA=":{"valueMac":{"type":"Buffer","data":"E3+WF9laY62BnMzqXtfL3P9YxJLa5pHR/jBWIyZPQ5Y="}},"hSBs8dlxjiGT59d9/cUcEMbROuv7FTC47g2A0SFIzv0=":{"valueMac":{"type":"Buffer","data":"lXWumHomfILQFQIjyGsRUqjvHGwfzuVGbkZ8ukZvJpE="}},"hbeDgIjOtLTBd5SxrEimuFXTAWxet12tTR4CQt5UO2o=":{"valueMac":{"type":"Buffer","data":"PDGrmDynb/WsyHoA3d10TuorP6dw12VWuslj/ZFgPUQ="}},"hn6WySnUOpl+B8yacq/NcQwirYJTwH5W4rnz7lyvQiM=":{"valueMac":{"type":"Buffer","data":"lCzTSWux+PJJL0wfmRCJDHONmZW7pbIFAy9YI40rxcY="}},"hqxjVE9bfZu1ih5Pcz/cj2nL3HONkJ5CSQPxEktnBVw=":{"valueMac":{"type":"Buffer","data":"0+G2cahMz/0x6iOpTddCuwb2r1aKWoTZ4ZMPjsH721E="}},"h0F3YPfbIZBaslTLxDjcF4m1B9IZFqoAT1cO2sZ+rxo=":{"valueMac":{"type":"Buffer","data":"Kef5ZBbMq4l5E5cxIBHqrpc3iLE82cHdZKGooTB0lGQ="}},"iHVkhsBb78DjvPb6cOUSThTfy/YCIByv41EvWRin8kI=":{"valueMac":{"type":"Buffer","data":"L+lqSYwpT66b0aluPR55dZBtjWRCP+cKWzBGTgr7unc="}},"ig3jFfOp0mgsAjuXoejUDyccQDWKZ0CHto678rmdFD8=":{"valueMac":{"type":"Buffer","data":"RlqNun6xyueNQW96WO7IRSmg/rk05ssj/PUpA5wPGWo="}},"ilsFIqRBVXIdDXG9LLcgw7hRCpoJecfwzvMfRh5+l9c=":{"valueMac":{"type":"Buffer","data":"ZkQ5iHnF2imAmrmWYdWhTP5xSpSFOauCzGj07IyTwGs="}},"irM2g0We8KBKz8VBKIfFPdtxkYZ53zvQNW1+IF3cCpo=":{"valueMac":{"type":"Buffer","data":"rdI9TQfmkW7lTENJRc3lR80yotAD3j4LiEcZNEGf7ug="}},"ixjqV5tLPO80EtIqsSdmpcIDQsLZep3qtX6VlIx96KA=":{"valueMac":{"type":"Buffer","data":"AGwVKoNBz1EEQDlosjWZlcQ5fMzAmoFg8b1rWKQWo1E="}},"i2TAUJs9mGXTGnIpwj0frII0J0lrA4RcA8Eay2aLR/U=":{"valueMac":{"type":"Buffer","data":"LkO1qhs6k18h/cldfuA2HSyp8QKrJbrvQ1ura8LrciQ="}},"i53Vx/Bg376C5OAaTuDqU8TbZbDt4DG/+CJ1lD3SUgc=":{"valueMac":{"type":"Buffer","data":"FlgWSXiy/CfKqkqQan+aQfg5sudDZ4L7/4JFuc3wIUs="}},"i+27WfLP9lx3DlglNmiYXiFV/7msCd71nS52so5Bqw8=":{"valueMac":{"type":"Buffer","data":"2B8Fs+5kb4k0wOwTbdmjqVshCBCkVjHQ0MsAcntwxSw="}},"jGgPpRm90wPvG1ZQudWza21H44QoFXWZpp58Qt/t4kU=":{"valueMac":{"type":"Buffer","data":"2eDRyPAl/pSv6RgG4fEDisKcB08y131xvZXefe6p+EQ="}},"jL3QVYeGGwIQfnMlEiBAXDjTPnCwHcNXprARhEIOucs=":{"valueMac":{"type":"Buffer","data":"JxJ1hgfrQK5fxP16sbFFE3NB8633hW5Ad+jTdKYvGCA="}},"jcjsfQ9wabLHQlINXdMKogc7VCTnntEs1vYSpieP1lg=":{"valueMac":{"type":"Buffer","data":"5mbp849l/3RW3KQYk0OAb/nkGuxgOSdNR3yf+KhEJUs="}},"jcq2PccIklyAZ7nopsY7ISr+WukVuHIsa+88EVoOP8Y=":{"valueMac":{"type":"Buffer","data":"0Jp0Ax55QkyNrN2CsBDpgySAV6KXkZCCFn7e6naEWq8="}},"jiaXt1lZwdP0i0CL9wsFcbKeyW9lFnbjLruuGVGxKy0=":{"valueMac":{"type":"Buffer","data":"TmpCQRI6RERziPJvJ12rhOIOcBENFU1UMN7DsyL4KZc="}},"kHd5T7lGPUAzwVRN5U6Ebbs5xodBtNAb61apupudUs0=":{"valueMac":{"type":"Buffer","data":"53HSfSfDI6DYSU51zt55661WdMpB3NHkG5la4ndoCDg="}},"kY0gJ8JbNV94YB2WCKen6paqBXnI8o3zYBb6B1vPlBs=":{"valueMac":{"type":"Buffer","data":"vHIApAxlRcGBYfOUPcJO024ittj3174IUkaRAMMf988="}},"kaD/0B17JCOf9eP0ioH/LsqGat9BhAwn/69kpXWSxTs=":{"valueMac":{"type":"Buffer","data":"TMUsX607A8SEYrU9Vq1eHDqi/1x+4OiZKdp6fnR1XUE="}},"k1L/OCNHb2lPFXmqbNffDd37XOV4In8BJE+pPIPbMLw=":{"valueMac":{"type":"Buffer","data":"cjDbRteQOuRApx5qvCLiuQcy3d3FdLhJC3nNioEoeTY="}},"k11f97lvmFWOMFwLjxdPvYBCMC2QETm8Y+GpRPKXbpU=":{"valueMac":{"type":"Buffer","data":"8o14uFVwcDiW3DXZdF9fteW9T6DSASiKu6XrFjJ7hvw="}},"k6xjYcr3IJwUDWpiF3ep3gjOBqc2UKsYRDQQGXd4W2s=":{"valueMac":{"type":"Buffer","data":"Wc4sMrae+99WEgr0OHOXHCozNl99C80M80qkgGtk/D4="}},"lXCpY33yVeYBcLz2sKBqYK71dh4qv9SJKl2qfVH0uiE=":{"valueMac":{"type":"Buffer","data":"E9FMi/KRbGdhct8RiPEKbQLgjBj28BIfIQmdVNhbWRo="}},"lYdPRT92u1XFO7vC0A5nrM6HnieFNzjINoYY8i8CNT0=":{"valueMac":{"type":"Buffer","data":"zpAaKFozgRlhzt3KybU6UlDo6gTePmG58Lijq/OXBFY="}},"lbg9a3Ts05JUuGkN7BZP5xbKzYiK06+5Q6uWbNKYO38=":{"valueMac":{"type":"Buffer","data":"s1pP9+ucH5ONXvoKzeG/G2Fo3R0owc1J7iPi7mVRqQs="}},"luqt+KX2zZl/df8l9ccRo6oZ/cJmIBKP4V6s5WkzZgc=":{"valueMac":{"type":"Buffer","data":"DrO6JJRBk9Nx2eHVqALS9qWVAOwf2zWw1ljf1uQ0UMw="}},"l4PrD5zG/uaGaBUKW1oMHSs93JOFhYm9mw9ls5ZP3YI=":{"valueMac":{"type":"Buffer","data":"jtsdTyBC5cGRjJBm1G2Z2giWecyEebpzpRhTkiwbNpM="}},"l8g/VqzqOt5kGgJ/vMLnMoy9+d7ipvXrov4fC/y0poo=":{"valueMac":{"type":"Buffer","data":"hIJS2FaIDJyqDNa/jwwRf4Ats+jsAlNSZl0qyRaXeow="}},"mN1JUDfQkg7ZLojEC+VyF6gY59lZ4EHSIL3l5bs3glg=":{"valueMac":{"type":"Buffer","data":"W0dxhVhywowS/KxcFvKVtRYhEZSiggqLy0vQmz9UuiU="}},"mgP18C3J7uKlbeBRpKtdT0mxV50xoleBk1w+vYSlOUo=":{"valueMac":{"type":"Buffer","data":"2GwF+HNGUSipDBP2fN8r8xvecSfxwblqzvqWR5jJPrI="}},"mjb3HryAJCLCsfSlcME1qYc8W2zHj4BC/W9jih3qzAs=":{"valueMac":{"type":"Buffer","data":"pjAlAvfzoqglmEH/WCfBmMHRy7y83pMQnLVrLVuz250="}},"m1xIedYvuOZsDhH35ONdywynpy12hPN99sJOQsHjMvc=":{"valueMac":{"type":"Buffer","data":"lUGL50mOzMJgOfGumeWr9s4wI9z3IxX/aozpuCsKfco="}},"m6zJ3rKzS0e9u3EChdh/0pGEPtkRY/cF2UGEaiH4qUI=":{"valueMac":{"type":"Buffer","data":"0pZnCTX3n+hWIX8Z0wlx1ctYRNLboZSSrqY0u6osnTc="}},"m7vl4/FPfaeDKwKjpPzw4fMvbecFCQ93UDVwKUGK9/o=":{"valueMac":{"type":"Buffer","data":"R4MMLrUg15SzYqxHtLZ1TZmDVGaIp92QVietag+8NOw="}},"nIFxKgcpdKjqylCQzwbNuQ81X7qY41TctK7skQraTuk=":{"valueMac":{"type":"Buffer","data":"lX8hTNRlfCx3jMxaGo7FrMiQ6huuNJB5WhSDWzXzOKE="}},"nJRXftXXYuFUfCUVL1ey/RMbXyR/SgOPY3ToBHNQuj8=":{"valueMac":{"type":"Buffer","data":"9Rvl0ENiaHNdF1f9W7ruqyVsqJsvkSgHqRTEQjjzNig="}},"nzWoML6TY50mGjO7K/LEbBb3JG94uePQ7aA44NJvJOM=":{"valueMac":{"type":"Buffer","data":"wvj7GV0gGnGWy2Apsm1tIeK6LYOoy1pYBr3DaHxmlLI="}},"n23gngRcjc+3GqGc7SrmyZJsiqt2SUQf9x0s/g8pW0E=":{"valueMac":{"type":"Buffer","data":"4YSSGpKHlCYc0iBbb+JoWMl8QXqKVMSRFHU6tm6Fcac="}},"n85l819qqfr1m9jiZ3meFZJflwYR5pDewYDlqWQ3tDw=":{"valueMac":{"type":"Buffer","data":"OahLdqwkW0+sVvsc4n4H2s1gLzd6GaIUTWLa5cptZks="}},"oVOxcX3xUhieJojmFrybjQYAdNqe3K+Tnn676MWzZbU=":{"valueMac":{"type":"Buffer","data":"eDati4iXKWhHzBkxHYEeQtPFOVKg0GZQicNAw+OyWYk="}},"obuuVVPrH6YmxErcn3Ophn/MJSdFjW0Fjlgtr07YGuI=":{"valueMac":{"type":"Buffer","data":"uOSu1pORGzLbSou9jpjwAIPHukJCn8n4zM3bMpnC/d8="}},"oiqDJF6FNKWlyjqlbT7XL0R3JuYmNth8it2gG45XuJs=":{"valueMac":{"type":"Buffer","data":"p5aF6j8oWa3Xq7gD9BvoFmhDGJl9jHmHpEkvKZd9YWM="}},"opEqTbtw3V+skxhGPGpLGl+6Zw+jHRFbxHwZB8SmvxY=":{"valueMac":{"type":"Buffer","data":"oi47FC0yM3eBVeMLIJ5u/iXV52VSj6XPO/SLVRwdsHE="}},"o78xJNlXKI5wOBCBHPU5Fy0ujvGS84+0/asWKj7aOkw=":{"valueMac":{"type":"Buffer","data":"n5h6n/bxNuxz26J2O6CkK0t4Ahv58ThCZPpq8TbRLco="}},"o98UD46RXRdv4jsV5dbfjUs9/P52xovLQ1ODILCrD38=":{"valueMac":{"type":"Buffer","data":"Og9ej6WbH3etwUNdNx9an6hspHKysiT9DJH6ZjArXMM="}},"pDdLXPVNSFIbrj0ij5InXTDitF3oyPNZBMFHLAYkrTY=":{"valueMac":{"type":"Buffer","data":"C0GnLHTsLAeNdmnPMAZ5ejl0pIZdsgUnJl/v94rVb7c="}},"pWV7TKql7yfmC1ZeVkoO45Q61zkfUzCpnVVvjzjuEa0=":{"valueMac":{"type":"Buffer","data":"F3g05Z1K6slEPeHqxp421hCNppEHAiIyARa5Y5gGiSs="}},"pXQmr3ZVVMX3qSvmoBChZUFfhy0ThJJ87z4h5vhD3xs=":{"valueMac":{"type":"Buffer","data":"4MPaj/BSF3XQ1I2ZGEMouCclMURuLK89dl8/733XnC0="}},"pbGg/dRI+JxXj2DliICIzIlL2YcE1Q2I7uqHufNssls=":{"valueMac":{"type":"Buffer","data":"n6lqWLWdIMl4PWsta+3ICHcF+NAMifqiZS7d2UHCaQY="}},"pulTXiMcOW6mc9FG7+aT4A/O3GXidEQur4nAER2mA/s=":{"valueMac":{"type":"Buffer","data":"w19D31WYp2KJvs6fV4vm6I1Dksmjnvk2DNSsLIo4oUg="}},"p70YZVruuUm74UMK1w2Yr8vR2eCmsiPbpdj9ApXhPJo=":{"valueMac":{"type":"Buffer","data":"MdukRJnyX4DaDx0vJiyhklr1vPO5Kg0COPnv0xbAcp8="}},"p78RmHBfWppJFXu7LJMcelPcXV4Y3i4Ou9wmCE7iTJU=":{"valueMac":{"type":"Buffer","data":"2kPWw47ufGwq2so48yOQVhr8M8f7qSRDELwzdO4X0IY="}},"p8UsyC4i1fX5vURbDLSWeRH65w60PABDVwk82sva5tw=":{"valueMac":{"type":"Buffer","data":"hMvZICIfu34dAWGs86MTqT/v6BpC3YjuZBUMtvqOGqU="}},"qFVBmdcTUWzswkyWu+DZZV+Yk0UsqNvBakjMk2Dxlk0=":{"valueMac":{"type":"Buffer","data":"Y+7W6DizUF1uN5W1b8SuKfvTFVf1gUGVaXtxT/PW0Hs="}},"qQYbcMrvWoVztxfAcFwPP1HeNDMOT3lweP6Mvd13bSs=":{"valueMac":{"type":"Buffer","data":"+MXc37yzMscYiU6hTJvDGEyDYXyx3vWv2GZChabhpIw="}},"qdemNGvQ84gi8BsZe72AH9TqvCSEtdrm3LssU3cDxTQ=":{"valueMac":{"type":"Buffer","data":"wEFNOrSyfi5Htz7DpsDqs9FZv37dB/ew8ek1LmPC9d0="}},"qeScjR3kezPKsIfeGC/lwWGg8hAxqzffNll1QiZKC7Y=":{"valueMac":{"type":"Buffer","data":"HIbJdEuf4k7a+MbV8hu6XRHRaQoGX0l59OoGqVC8lRw="}},"qmblmqVqoit6F6BtVjWYoC7n9y9SMaRqUzCI5H9Xydg=":{"valueMac":{"type":"Buffer","data":"h4+rvgzF6rcyDAccmpQ8lv115xQdlEj23uJZOA6+010="}},"qxAZ02pCj1a0lTJafdciMRm0jRD4FmJwzBTWXPgBJbQ=":{"valueMac":{"type":"Buffer","data":"pjVlR+Z88va0vP94NX31mtIF10KMqiZQeuKdlnT3Tno="}},"q2DSvV3SMhPRuM+1BNe/4LdHoYWDZKLTVp5s51cO9Z8=":{"valueMac":{"type":"Buffer","data":"1qZlyiYSHr1nGn2dZa2PRKIWt1kwZhwaUc0XnjgePTU="}},"q4+/VFem/5gWz2aoOAK9xy2aL+uE+SUnzJPjC75oM/0=":{"valueMac":{"type":"Buffer","data":"V5aypZ87gqWXMNql09Hqkk8Zdb3JK0oLoBEgKXP89iU="}},"rABzurC8mVY9I0yMznGxnO358+oJicMmRrX0ZPrQ5gQ=":{"valueMac":{"type":"Buffer","data":"5WuokUJMuP1ecJU8VHcKa6TcX6oLjXbgyGJVu1IjRSs="}},"rIqwkf0hqf5eVl1J6GdF17+t2trSfmpz7d0ovlEatbM=":{"valueMac":{"type":"Buffer","data":"odPQ1MgtwiT8Kikf9PcGYgAZBUm/UWODRc2gsHiSkjw="}},"rRNxncTX3hi5I18ghQdrfbi01pwesxzY3b81Lpr3jGc=":{"valueMac":{"type":"Buffer","data":"8h+oMLh3Fwn9FTpyTkvh+GjW7aqNOtQRvWAPPM+o4IU="}},"rboKHR85Td9XEB8EfhPGHaae4VLq8i/1+5yzAkwTR7Y=":{"valueMac":{"type":"Buffer","data":"Las3IQK61GoqF7o/Ovxh5mFAgDBYFohcLFYJArmYWgw="}},"rnLMhcc6XOM+eLqp+yBez4TjD/US64pAaYtXPcT62MU=":{"valueMac":{"type":"Buffer","data":"2DKTWEdcbG8BZXzss0xxVMNwDpiAtOPRnSpQJlL62y0="}},"r5BTgdezyrN4Fmw5w58W4WQMUOZTzjOerW2MgB/enOM=":{"valueMac":{"type":"Buffer","data":"EXlTYWc+NNqWWHNJULauRJDAmy8DVrrT3U6yJqV+LIo="}},"sV1Nqq7/hSHtoo0liYzZXmxPCNds6MXaMjo/M+LSnvI=":{"valueMac":{"type":"Buffer","data":"98G9wUW4iUD2qPSFpnQOYWEHf0Q9ZZ3kGGscMwJcoGc="}},"saj6jCQaGoDE21udEyw1lHJNPVAOLONfBaSMDmWGc4g=":{"valueMac":{"type":"Buffer","data":"Nsw5h8fy+NnTedU1FXsWdbro51eDtv3FJvLJdEYfsu0="}},"semCFysMUcQbofMcr/Wnszdz5YxUaQfy/NDh23oK1gw=":{"valueMac":{"type":"Buffer","data":"CBL/24LQdd4KYEV4wC8mAOMXi02mcd7PcuQ0Hnxh5zs="}},"se1QQ9B/oq5VouRgtphcjb4Mt0dzBraOXR0E7ycY9bk=":{"valueMac":{"type":"Buffer","data":"AnSfl1qeJtigNyRI2PlRCk55X/K9tgGtAul6DHuab08="}},"sktHFjUO2uVZS3CsW1qMhPNc6XnbkybVMK+DjPwGw8o=":{"valueMac":{"type":"Buffer","data":"9yrrOWUYDN/f/nP0HbKHWq7ZOFDbwTJsowUv9V1bb0Q="}},"swcT8mg1MGQ+ErE15SfU4Jc1KUsZ5t+1/DOU8y0B7Q8=":{"valueMac":{"type":"Buffer","data":"JFp1sIz0+HRIA5bz5EaC4BhxOVvaqh5HXy/Q9PQCZCQ="}},"swuy4qz9CYEqp2ZEzPummM/11sHeF06APE7k1jZDWGQ=":{"valueMac":{"type":"Buffer","data":"OIeVNN4xzD9b77lc8goRqm/I4D04rM799sUz5p8cldY="}},"s6pK4NXPMrIMCFprm6tIb3YMIJ9V2wo00naJUJEWGeo=":{"valueMac":{"type":"Buffer","data":"GrQFa5IKJBfggyNEu+EkmjiYtoo8DYqvNNrSOcok9zs="}},"tAk1MQIHeERvAytNQFJQgo75iaJDY47VtVnviYJHZWs=":{"valueMac":{"type":"Buffer","data":"kISj88B9+AL3pq0ejG6vilzwTJVEQjv0/Iu7b53wboI="}},"tMSdN+LnBxmV+07V8YkbDyyIlJOQxlWbrYBpeu4Oh/c=":{"valueMac":{"type":"Buffer","data":"AIbFy+VWF7A4By2Fl4DX3h17Qkex5IPezU4O1IZQYus="}},"tX0lzz+YqSrKPDrpSS4/8FRYvzbe/1gkKDkFNgFfFnM=":{"valueMac":{"type":"Buffer","data":"vPoN4CaW2e/T8/RuLXqUUil8EQ5pg7qms4mNwfGHX3w="}},"tkswmFmVmq7owOlGq5cS4slLmHP8m9Mw4GN/ix8GAOI=":{"valueMac":{"type":"Buffer","data":"rwhcdpUbhL7M0qnvpY7ZfecjRwgkSjhFtE3cugDnatM="}},"tqZEC6WGcqfK4s78bQdycDo4WhXNctD1utz9JQkHBjc=":{"valueMac":{"type":"Buffer","data":"gUqf5Mcrj0rfvx/lVxpZsuGm58Nd812vY+rXYky5Wzc="}},"tzFAEw1blGT8vuqCY8RrnPhZ/FaVRrpxZG9ZczJRDWA=":{"valueMac":{"type":"Buffer","data":"afEtICLorP7DxbNU878VHcQZ5XtBjgtCxIeM5ysFRyQ="}},"t2GhCcGfXfcJgCGUt90RujZe2jj799xbkPqPDsT3MKQ=":{"valueMac":{"type":"Buffer","data":"T1OT4I3+UGSVZSdr4IkP+Ozz/BpMJL0Grsyd7yOQVa4="}},"t3G/hSbPh6cCYO1GOpiHvOXC8RXul/Kg+pXvuIOlbRI=":{"valueMac":{"type":"Buffer","data":"ctBmZkGSKWH0+Us34gB3vpDdKTB5fzngLnz0n/uXD30="}},"t853GPzvD8dCeQQfh2xiOOmRYDFhyVTdMv/3t1XFBi8=":{"valueMac":{"type":"Buffer","data":"6dV18Oc4gOWFKfhloygSHGDP8OruFUH6/6u4WOkG6EY="}},"t/904oOD6DbBq8VhU8iL3uUmPhgK1M5Vqzw7kMiOsUc=":{"valueMac":{"type":"Buffer","data":"QczySg6uoA/4AOAelt4HvXoQD6F2jachSb1zMCERNl0="}},"udZmhHTLGagU2NgPFWUF57a6Vkiel6YGNaPGe0/UvqM=":{"valueMac":{"type":"Buffer","data":"srHFoYTXhQa3yodr5spavVlB05BsiBvOEUHn18nVRwE="}},"uiQNo+R1+jA+L2l3BdUIZiOCG4jHNojrqWptBdXKBtQ=":{"valueMac":{"type":"Buffer","data":"Xnwx+qg4X7hvxJ3KeSLill/i9vnWepIlZ41ifdd2+U8="}},"ukHQPBIOvR1x9VZKv0I7lvRwri9DyfXYpMzIcDDwQMA=":{"valueMac":{"type":"Buffer","data":"Y1n8gr5Xkyy+IQuSoFmRegiNnuoEGRyhj7iYUmdCmD4="}},"ulrvhLkyyj39RaWxBthLqdzFDHQusEeyZzl/Sh2IFqU=":{"valueMac":{"type":"Buffer","data":"UIQgc9oJG9IhaillNBIGuNcwWUNqQ+SPg1saoa3onmU="}},"urxhtv/lKj8es6BykIW4OKn/DXBtWvPa/SxIMW9dWpg=":{"valueMac":{"type":"Buffer","data":"/K86IFfVO3COWfETYdFeYdyAkU19k242HzRQ9Iz4D60="}},"uxpeQ7K1IIaBIAHDytSwBzHz8G+T4wElzNEQTyF2alM=":{"valueMac":{"type":"Buffer","data":"G9OEY1VFj+nuE7lkC3mn3j3g517uwmnvqCHH0rIqBpc="}},"uzdVbfFpufwA/soRoNy+P6kRgXxwoXIGC+UvHXnD2Bs=":{"valueMac":{"type":"Buffer","data":"oVm1w8MVlyhkN9TAvE9hvdufqUws+kfxn4CTTA/BWHA="}},"vAW8APJg5ZJzSO84ihq6mtLvFbotmgYLhuMrGwVzCas=":{"valueMac":{"type":"Buffer","data":"VsscADUw9U1TWw6LIgI6IjNEyU5PflGURhRN5Endqso="}},"vDjeqWkUYPd0YGsA8f85fYTgDVTMiHds+SAohqJqZs8=":{"valueMac":{"type":"Buffer","data":"/0aPtznTcq5fGfw1GrPSZ/TIDZZSnP/B+v3VteyRFGE="}},"vH91Gj75XU0GjsXlgsr6LuOVvcLOhvdO3j8dzv1b/eQ=":{"valueMac":{"type":"Buffer","data":"ykGqFLVLRgYfp+TjkBoTHYwMFtut4StQqIY9h5ti7mM="}},"vpchDT2V2m6d/RXUpNrp7icTNibxjiNR3g2p+nJ8oYU=":{"valueMac":{"type":"Buffer","data":"N0P76oVlyEP/1JEo8q1vYCB8Rut+R0B0LM1M7UGgeaE="}},"vpzF9ttlnhLTKEe+kGMy3gq8wZxDm9AzGmFOUDCZdco=":{"valueMac":{"type":"Buffer","data":"FsY8Y9ialsl/XEOSCP4DT48fh6Zb84qkeHAUNb1NCl8="}},"vyfkSD92/1HGGTBfBHdXocGg8P9dI2bIjxdVHeqW090=":{"valueMac":{"type":"Buffer","data":"07M2Avo7PdHoUE4e0+leOepxuKUSBDDmXhIO6JaVhTg="}},"wAw8M/8/QvRRgVGIsYf5m6AT8vKl7voJWUmAWgCplNQ=":{"valueMac":{"type":"Buffer","data":"+OexHrMeiPLe68+Kw8FMDl2FYrSWc/ukVfxlR2ASt8w="}},"wCUIkogWuWQaZ86W30bIyPkPwuksHkDz8MxcJO6ivf0=":{"valueMac":{"type":"Buffer","data":"rjARuUe8JsW6WGD9VRNt21gUsPdn/ggbibgh+t8VeeA="}},"wuBFUkTrgyiBxBx+KwJH+7ZodUqV8EULOypvrA3/rww=":{"valueMac":{"type":"Buffer","data":"AkN9H3Qa3ZK8yf2LdqbP4FPkY+FBkOTth0FpikQgNow="}},"ww99NJR34SWeP/582CPukDj7pSZjzHXhnz2BEpcGtio=":{"valueMac":{"type":"Buffer","data":"BSQ3cGLaoAbcKtTLLgxQ8n7AtKd6BRLoT8fWut+lgws="}},"xnjBEA8q+tsmwuPhYWSzKjbG6Meg4V7o6DuLcTKF4PI=":{"valueMac":{"type":"Buffer","data":"8mK1uQOIsCnvGxq5WORSVTdkBMNkIuX+06hZrJzXWOs="}},"xuMREvDVsb9rwnIJs9PAHafO3/LgMTrKToqiVND+tfk=":{"valueMac":{"type":"Buffer","data":"pP8CENDa4ur/EWOzpd1eLzzZ3qXGuttRp7Ua3lugTuU="}},"xwUoCQ2S1IN4Uk95gyiGFVd9g13MaMZyIxj1Q3L8Tek=":{"valueMac":{"type":"Buffer","data":"bRiQLt8Xnh2Boxmvaegs8p/JcrgOZLu2DG9OtL8JQYw="}},"x2RPXjP4zswG26y05gZVCB9QUN8V9WNaLaKGfl9PawE=":{"valueMac":{"type":"Buffer","data":"QVEvChxV56S8lSX/7bunr3n/2P3XzJnHfwiP5Kk6xz4="}},"yEe20OXzg+n3j0BmcF/JaK1hEEfLH+glIhFPJFyGJmQ=":{"valueMac":{"type":"Buffer","data":"WcUIykGHrMt2u+FrOqnNkhTKTmykiN9mMOyV3jxgpM0="}},"yF79rJULkALWcz44awOfYZksiLcvSX9R0jcSb5tuS9E=":{"valueMac":{"type":"Buffer","data":"XEfUVky/d7Idfh90Fe3t7G/PN+waRIPMgP8FoOMX6KQ="}},"yGP6fZMMHPWY7+cY7T8AGnZ2elDv0UDm/3f0rXA9J+c=":{"valueMac":{"type":"Buffer","data":"8XbO2pM6gIOVYdv1fiUTyRfVChaPiUMb0O2C7q09c90="}},"yJYMPD7LmM2ikUvuDejETbnAaj961Br9QX8wBSe8rms=":{"valueMac":{"type":"Buffer","data":"U2vLxirLRO4gtZ5dJlVNkVPZGVchtfwITckCrTVayh8="}},"yLbj57EAVY8sMsP28k8Vi0S3F9pBdYi8Emw3/jlran8=":{"valueMac":{"type":"Buffer","data":"lSGJTkTrFmrSp6Pfvol3sqrKm2YO5iwzooL3/k4bBpM="}},"ydVSaeZahWzTOcTpI2GvUw0KYa3O6M+0BF3XpYwoUdY=":{"valueMac":{"type":"Buffer","data":"GQTRt4B3JY3cN4xkA8EoyG30i+LT/gJZnO3Cyjl/CvI="}},"yyvoc3w6tisMto/izPDquD3yqjd3NTl/FRws0/ocV9w=":{"valueMac":{"type":"Buffer","data":"PFy3IGVcU3MspXa7xuAEz5VOMg3ElA7AeVZWLn0nijc="}},"y+ZptBcwswMTiaaf0TfGpmj+qu5VjKdoP2l5IXi0HBg=":{"valueMac":{"type":"Buffer","data":"7I59nyMfL/FUFpc5i0nIZjoMUO70fqYNhSHPs0KuA0w="}},"zDwIJYr2W5BJH7ArQX/bpMamr9hJ/djcd6TyLztmP5o=":{"valueMac":{"type":"Buffer","data":"EOmFFnab7YQbhccZ56CGRhy/1k60yVvRdpG9fOBTo98="}},"zI+Kt5zV84Eunph4bm5oBY1YPBrGXOAZ8aXQx1MHmYs=":{"valueMac":{"type":"Buffer","data":"/0Jq087a1g4OwAQlGx86RQM+rLy88I61YODipycS23U="}},"zcFPNHbuiiVf6ZlZ4BYseVcbH/iVHWU0bShEHfaqgDw=":{"valueMac":{"type":"Buffer","data":"8420jctzokGwRa9h59ONogYApvZlyShYNfMe8dNFnHw="}},"zxZllBPsUdIozehgne9ikpOV/kL/hF8F9KHo65omCTc=":{"valueMac":{"type":"Buffer","data":"4QjW6t0Weyqr8wg6tPTdtTQobhGB4j/YBgqWNNCxQ5c="}},"0BhSDff7Bg/sbZeyBI2ArbkZUfpHJ7ZjCTNWteLEZ7c=":{"valueMac":{"type":"Buffer","data":"zvgFhWuYlYiclVrDvVUEXuSexlQ86theSuKkJxIr0vg="}},"0XFpmiHJ5+cRV14MTihdWDCUGvwXC3U9IsXMKGnHpi0=":{"valueMac":{"type":"Buffer","data":"exhV2GTPTv/mjw9aNH1YHmYlZ390G7Rc/1SEo4vNajM="}},"0sMxgQQAVuc5FB1FXGsk3rSiZ9AqQnukQRJ0JEHNbf8=":{"valueMac":{"type":"Buffer","data":"N1fb0G5HByTBNQjjEOsTIhKaRpkJ8J9yvJ2Eg7I1pf4="}},"0yqcfapzPjQ3TtPJ9TrNVn0+F3XHtqLyuUGBAFYaR7g=":{"valueMac":{"type":"Buffer","data":"x39HYzI09fNZSDkJV0GFtOCHpl0AHVF0s0M/5bBCgh4="}},"00D4p6Uu0T/JpWcnLpnDOEAqDbGsKmq6LfMACRVLO8Q=":{"valueMac":{"type":"Buffer","data":"T65VCpQE1M/Et7z1n4rTYTy15QxJUHaW93jq+TVfCqo="}},"06RH3B4WKA/oLGbSUKBeUWwiZXg1FPY+yiQhvNhSVvY=":{"valueMac":{"type":"Buffer","data":"pVQTdGBpdDLWfi3OQOM0JYCB7UV8+rb1a9tTizQX/YM="}},"1YPRDeJ5Y2XdwV3iir0hcA5SQdWZSehKklKUdhgZOVc=":{"valueMac":{"type":"Buffer","data":"QFJXTcpLlEsilFwIq813BLQRXueJ+U39iWdfO98bjD4="}},"1hplt0/fKnYZ40Emv32gUinv6Tb8Wi9bMoOOeD0tExw=":{"valueMac":{"type":"Buffer","data":"ESVME8k6IjvxalN5ZdZiWYvuro+TNsLi65Dgahfer34="}},"1rgV7YzuhhGz2Osee9SONz6iNFYKkLtfol1A4eR4AqQ=":{"valueMac":{"type":"Buffer","data":"gjEaqTedBj4rkdKXJDd9NBVRyoaRzbLFO0qqrwk/zRU="}},"11yu6g8t+91w03ooWxzquGmekP79XcQfK9HT6tmaDq0=":{"valueMac":{"type":"Buffer","data":"REzCngHEtB/z5Etyz809CGmRxxtiNfFN9U6qyLW2pdA="}},"2j1BOmxMf5mfRbHq58b/QhqKOC45CCnriwAj8zcoWN8=":{"valueMac":{"type":"Buffer","data":"24F5eEEaZddIkSUxbc21UhIUEQ4ym76Ko1KIbAwp2d8="}},"2uImiUlA3M8Nzf3WpmHcUe2p1pesZ34nvNFMw3a5KiY=":{"valueMac":{"type":"Buffer","data":"Hadb9k4llLxTKnODBQhSlMoV7HnmJFG8/6apyv1LSL0="}},"2yFs1lKZ5KU4cGfxM861fXgnyQpPfGM5hEwEnvXUjPA=":{"valueMac":{"type":"Buffer","data":"T8tTljvSJjdfMugaNMglCXxIzFs5UBe100930+ZIsGA="}},"21UXmanW67ljJUUC8BUjNxwOXCRNV7vsVgDBm4JxX1k=":{"valueMac":{"type":"Buffer","data":"JxqdoL+kPWkjnN6mW9WHIkBayyleDDLyb0ApZ7KWcWU="}},"2+kkUCEvjfhvCB9aQOqmsXV83lcf8pgZVCVMnVav9s8=":{"valueMac":{"type":"Buffer","data":"yfwS+gl0rhH8OYl8EdL67uj0pSy3eqSa8e3FKoyWS9Y="}},"3LWtucycFBMe5/nAMvJEEhFAHZ10tG3/apCIfjmv1F4=":{"valueMac":{"type":"Buffer","data":"2/eEcs10V2F6HnZ/txr2YSq/k7qVVWQ6HykCOzIuvwc="}},"3LZgqXw8+xUeIzEvLFDZTdxX9j8wLUp/G/xl/M5weLI=":{"valueMac":{"type":"Buffer","data":"LXO/gv4YpWc6zQGrPlBhqAoLSqmFLWn3sZZgJ7wP/oo="}},"3mNgOEczozvtV6uJzTODL79TizilBba/0ETm5TqAsFU=":{"valueMac":{"type":"Buffer","data":"Pqmg0m1lxcdkZoScZDlTH1bpGg6I35mXgl5O2W67ddA="}},"3zklnmYioWD2tHSqBr7xzV/pA81jKeU8yCyB8JGNu2E=":{"valueMac":{"type":"Buffer","data":"Gq7/KN+gfoAPolw2PqmsUiQXf+CF107PjxQ127GtcEg="}},"4EAXSTFcDyxnmJEE1xaOVeZKyp6p6K4I8cuq2xt91pU=":{"valueMac":{"type":"Buffer","data":"f0kg/+4ioSFhldW/WjO0imc00QHyCR6tx8oak4kQbxs="}},"4arlt8b4z/G5HcUELxQwUD3BFTyrhokdtnHPJVI02N0=":{"valueMac":{"type":"Buffer","data":"9FUOBb1roZViU80b8ejYhF2zKaxG7jQA2dlk7ze9KFA="}},"4g9zzoBx8G+OmasxL8SD2I1t2LnwGi/OI3qgwdw7tgw=":{"valueMac":{"type":"Buffer","data":"qGcX4bNxcCcZS1j7qAE1cmoTkQBZQKKOeZEgaNiS/wM="}},"4oQGkRc7OuNzjhp4U0WJPH7QmxZdvhb2Wh1On18oIPA=":{"valueMac":{"type":"Buffer","data":"LRpTPQZy8uIA0BgUPkXuagTNbNqsuTC5vdoLhUtUjeQ="}},"4uixjqNEOsnNGyx6Q1IPPkSFUQY8xHQ+3QbucmEl4tM=":{"valueMac":{"type":"Buffer","data":"e2eUJz2G1HTX4B/DFiMnytrNuma1f5AA4kFamodCqjY="}},"4yQOXMjhOCKyeRPXDMixUyAXz6eFyQ47hLGjxhB6LXo=":{"valueMac":{"type":"Buffer","data":"/fXd2Lpo5VmvTkk1N+SgA3WXab+/6Y+tsNakTESz5iA="}},"4y6Vhl8K7iViTOm9t+HHIppHG6Rw3toShHnlTEGe1D4=":{"valueMac":{"type":"Buffer","data":"LioDcd2BmMe267kV2m91YLpc+NXqBMhnYyOD5bcB//s="}},"5Io8EomXJfHlrm536kb1YVmFFb+103YDzXaxszIMjsE=":{"valueMac":{"type":"Buffer","data":"+lNfziiPFq6T59PG1a6WBs2yWlqjxsB14Gd2surO7Gc="}},"5LknTQiOO412KszMF8tt5Id7tdT5vNoEqc01zmL8S/g=":{"valueMac":{"type":"Buffer","data":"F59g1rQHpocwVSy574t4tSisFTkMveJ1CbeJMtmPUoQ="}},"5ixG4tLHRhmnkspaO8Gln+pH8Tp5th8emHhfLLhmGZ4=":{"valueMac":{"type":"Buffer","data":"Jpa/x0XX32qeQmWH9IP/whsS4eRqU4iDLhpy7rzf1XE="}},"5kBt15uZpqHhIdquZBzJus5MMydLnu3agRah/E8vbmw=":{"valueMac":{"type":"Buffer","data":"TxXpvvdxzQXEppSs7rEGjxifwm5Frap/kYbL7ITNpb4="}},"5uURXWZAR2VXY7+j00gPM387bWfr0tz8Na+Q9jvNweY=":{"valueMac":{"type":"Buffer","data":"JJIEmqKsQv9wUCbClQl15jx/KfipSuY4sWJawPmKgBQ="}},"6BRhoicJxvZ4xnPVPANmPF/unYoxIz/fE98d9EUWm5Q=":{"valueMac":{"type":"Buffer","data":"lPCe8kGpeRd6mb3CUisRZDAo5t3w/F3Qi23iLuX3W+U="}},"6FB0kC7TmVWWJBFe5qUkdZtbOZsVXWdILm9nS/zBXV0=":{"valueMac":{"type":"Buffer","data":"HGp0GRwKURKTEyy638vu66gTaCyfTYoKYmhsmEXtSyQ="}},"6UORbHhZTUNLdGsrixap2eaEFk/weZ+h0zRDgfbndRU=":{"valueMac":{"type":"Buffer","data":"GorfvONObGIvPIbdFgzj8kM8kn7KG+7kxb/bWw0Z67Y="}},"6a0/EucLTmZ8EiEzGCfMX35XvtAJckapOBdJfnMuPGQ=":{"valueMac":{"type":"Buffer","data":"8Q8hQvZ1jP5FmH/UhvnCcjMLTI99K4wwlB2I8Yk/Oeg="}},"6vbcqevl57+Ed4vphJrUplL+tGc2dMeA0EBrwuqKISU=":{"valueMac":{"type":"Buffer","data":"kcPQr+1M24WceqDWU+L2J0TSPA5826p2nPZ6am0j5+A="}},"62EdZtcQkeMP8LejB9r8MIapodnq0IddupB1btdiYuc=":{"valueMac":{"type":"Buffer","data":"R5XabTz6p67wzDS/RQbo2unOQ8jJfVgZHl0vf4XiZdk="}},"63C6saahwprJQW26wae8dJZyQ9CAdkgsaCEeJkQK48s=":{"valueMac":{"type":"Buffer","data":"E+6u8wz+fhwnqVljOOk7tQrR8PsbEdYse80u/8c7880="}},"7EllfVZU0/Lv8TtEh3UyGK7ZoXZImrUpvg7fvd+7EFo=":{"valueMac":{"type":"Buffer","data":"5V17A1Zltau7+fOfHN2YgZ7HXZAGwqUK9Ah4ThJm1RE="}},"7U5okatY7QezlPExhK7Yeb6NGRF6BDCleMPplqbzqGE=":{"valueMac":{"type":"Buffer","data":"1EhDFq0mVazkeYM1N5X5zwvuqNEILXQaTHDkHJvBT1s="}},"7uqtJwhHaIzQfbKj4hgFCoBAKMOhDX+70OkHMvVun/I=":{"valueMac":{"type":"Buffer","data":"zmX34DYyl0eVBCf5C2T74o8kv8+zYJwExoZZILJ6tpg="}},"73mVFWCtxoqlhu61P6woYzYcXQAzOKtzyZSnYTT6TjA=":{"valueMac":{"type":"Buffer","data":"jh26+EPbf1nK/fjIltex6vzhhKLVBHTFZsR5ig1WKvw="}},"77HoHA7vPqA7XXAAhRxvHmOzHAovEDV1j2jN8na1vAI=":{"valueMac":{"type":"Buffer","data":"ob6h5YSBUz92dYl0ie1W9h4EwPFoBs3hHr0CotsqTvE="}},"8SVD+bkgiPX174rPtOZKumWGZ42gAYd3cN8GGiwmD3M=":{"valueMac":{"type":"Buffer","data":"qjn0hggYoCTJwPFh5d9hCBjsaYAkWQGqsG9BpW0leW0="}},"8hNbEHds1OYeN2GssOnd5s9WgZxDB/LHiZdAKMP/JmU=":{"valueMac":{"type":"Buffer","data":"ED+5zi4hqu4n22DMoZoWXj61/n+RsjjH/QjUaCU0XVQ="}},"8p4t16Oqp7ZrwqBgt6P7O8XzGexk3DBVll3ZWKj1SVs=":{"valueMac":{"type":"Buffer","data":"Eiz9BRXV90sLOjVieeDhaqn1hzvDnOpAl/yX/XnK5ng="}},"80wvaw6yHdAp+FHtC/sOQYam7iJ9DLaydZSyvvasmp8=":{"valueMac":{"type":"Buffer","data":"2wsrnVFPsvVsGI2/a6YpBMvirACEUdrARrT0pSvMLPI="}},"82sZwhqH6x864Ljf0dZluZIzhAJp0fHnE5CvTZ85/qk=":{"valueMac":{"type":"Buffer","data":"ckxJaZCcsG0xE9hMqslCStuoc1X3O1/OHWybfundO8Y="}},"85u4Lyd0pkH294s5f2VHlahaSPqo/h6Z9T7x7RQN02M=":{"valueMac":{"type":"Buffer","data":"UPFmM2r95NTPbaOZuMAhCAtH6RxLbsKxQ6gb13vM5/0="}},"8+TNCkKoEM3UXZ/xVsBRLULD9tEs7e9yBU88qCF/dws=":{"valueMac":{"type":"Buffer","data":"z0BE3oM3rW3Gz4eFtnyMwhgBotbQp5cgTH6HnqY8BwQ="}},"9C6P9o4QhBCHkb3aBGAIBlylKDkXivt7yJ54FFevnEc=":{"valueMac":{"type":"Buffer","data":"8hQnRKG/2c7LaxIgG0t/6Ew1mxb/dHHWGtUia1ulTWg="}},"9J19w+sehej/qVQ26963oAxSshONvvcUH0U8NR9zIE0=":{"valueMac":{"type":"Buffer","data":"ozsDIowoQ38o7AsyA8FJr27+CZ6NfMOsSuyUr/bReiQ="}},"9OLu1UBP0DhRSoO+bc74YesnAkjcMww8rkxgwGwL84M=":{"valueMac":{"type":"Buffer","data":"sVDdnNye/oda0zYdgYJxJrpRW1BnmyDHsq5EoCU874U="}},"93m7mEvtPyMsPYdJZ0k8jHWPxzSHgKQSKQ4eH9lXHRU=":{"valueMac":{"type":"Buffer","data":"UwfXYQRHbxFn5LRjUUCkV3hWtbZz8UafTrkdQEhL/Ro="}},"941ftdBiENdkI1gbaZ6XlZAsOjjVzTHF+1AtmnaL5Zw=":{"valueMac":{"type":"Buffer","data":"9ZqCljTYZRjF8wwpEI50Q+zwEguyndooYNP2LQDTwVs="}},"95O4JCFkom1P4DH5ruM3knO+9t+FjKpUWHmCzqclczA=":{"valueMac":{"type":"Buffer","data":"DdGpPFJr/cy/MVD9JyJJxP5gsAyE24ZvKjIJA+xjetY="}},"9872pWcxIKnm2crHjm1WT0VIknUPvY9fM3qR3F+6wtI=":{"valueMac":{"type":"Buffer","data":"zbtUPWyRVYvnE325Egeo0ql90/M7AQHFZA4JEOEzuKM="}},"997BnH/C1Y/7J5eILe9Y5b2F6R8pwyX04bWQms1ua1g=":{"valueMac":{"type":"Buffer","data":"klThXL8pLYiWQEczfYK4BmVMLNqkW5Wej9TQmpg6Kuo="}},"9+Dpu+PcJbH2G7ZG9I05/Hb29ViecCj+LmJuVNkKWxo=":{"valueMac":{"type":"Buffer","data":"Ag2nYI9GkykuU/P9K+pvVBYjERwKX10C9jZJuz9sViE="}},"9+l7aw+G0CRS5j14CeLuGS+REuZ2p6FIAMYPrWdo3DE=":{"valueMac":{"type":"Buffer","data":"Nvkl5P76b816ooMNRmIlyX9QlgmRcefVwIXl+TPytbE="}},"+PaBEDjfkW7AW0nw0WEYPkb3Xu/CVqsHhBJs6jrxuK0=":{"valueMac":{"type":"Buffer","data":"a+ZD7U6hZg5f8k8n2Bd975Pzu8ynOrZ4zCAkrv9SbG0="}},"+eFHJsfuHHixkKgxMWmPUczeEXbpDwyNskhEgPNxKTo=":{"valueMac":{"type":"Buffer","data":"JMd9rZg5VwwYe6pVGR5SmJ8Kj2p5NdcV4JjMoacbA48="}},"+ehMcH5NsGkQEUW4Exe7ojLfqhyHYEBl8mnk+22vjV4=":{"valueMac":{"type":"Buffer","data":"ccx9qheyoms10GaJjYC2GFkYsmL41SLYGxfj0TDqY+o="}},"+lckR85vn4KIohFr1DDcjFjjPSDS6cyXUPCfyES1I9M=":{"valueMac":{"type":"Buffer","data":"x8H4OobEJMl5IwHyj0si84QFTZae+UT1l3jMMYKrRug="}},"+lmEHJNWRgvAzzoSVMD3Cr84eVJqrM/CH2rELQVHxE8=":{"valueMac":{"type":"Buffer","data":"jujHOM6PG4Mx5tI7ksv1FRDq3WhzO3OwTPhE1sYeFjM="}},"/G8GmLI6Ib1HWNGZTYtiBmzfYnFy24XD0UeT19GHCis=":{"valueMac":{"type":"Buffer","data":"+XVOsS4T4fZuxwyKfjrliwwLBX9voFnloiVfGLOENeE="}},"/HjXcIB3SovoPZsODD0g3YBbtAh2ZLdtrBDnRSZo+BU=":{"valueMac":{"type":"Buffer","data":"IrQEslpUChiVvhxFu9COZKeWFySDNPIvkvmotpxRWGw="}},"/gKz4O3jNGF+DlT/77b8EG4V46h6lU2Zrbm4qTgHBNQ=":{"valueMac":{"type":"Buffer","data":"0CYLXrre8hl4Ew+DdJrloJ2c+ajBtjzFTcfwEHLUvYw="}},"/iz+O3p6yQGEj3iYmwnScg2AvpTEhX5tty13r9NjO3Y=":{"valueMac":{"type":"Buffer","data":"D1RpnTbJfOMpk8y/YPJRqajvngsaNV8sCnUFDxWU2X0="}},"36AbZs9+ao/gKfnU727mdV3O9FuDWVXDcbq6O3q87sc=":{"valueMac":{"type":"Buffer","data":"nvilbDwYZsjpZhEbpcmkf76KK2h3v36ymEp2BYq+vtg="}}}}