{"version":2,"hash":{"type":"Buffer","data":"ttXb28pbfdMmve/AqVIyaopuHNHb8OF1cBrmn8XhpcxTTAukfZbR6zksFpZAeERxBwaI2PSUNNTuYDZPECFphcDjOTlRl1PqzhnuK3OWb7iGxhnmEWbjPgDuWLEo4aCnwPNESSZw1OX3Mk3vJnUI32pS/nYrBwSYbnglXt0oVwg="},"indexValueMap":{"FA9Rp+NHQJWHGkO+HG0Bd2LbE58sVEhklWPPTy+I4mM=":{"valueMac":{"type":"Buffer","data":"SZ3SfdLo+HHIbGQvSUhUMVZvA+SxrOl+TwWo2NEzLvM="}},"UBpsq2u+jyXAyw5r0YL+OPYvLn6wIlMe6hppuoFGQDo=":{"valueMac":{"type":"Buffer","data":"A/ZY9NXrhd7sIJeemxRAbnCwpamXp8fMsCExPw66ZFA="}},"lBPemnDqoGGiQk3A3sxDuw/Nnzm5oX//xMzQyXhWC3s=":{"valueMac":{"type":"Buffer","data":"cZmJzIA6PdaFxwgOsZGUwngsJi94WuPCG8qEmQPft3E="}},"pXa6KejFKhFrQgrYFyk8+mgsbsXO6INnR9ujV/Oq7vo=":{"valueMac":{"type":"Buffer","data":"afHt/VA9d+V9JK+dvkVNzJ+Mqdh22hzmptKzdaHIC2g="}},"ucIZtbV/rF7/q3j5n3EBK+Fn0MsZMMI/7Xm9xrU/Xvc=":{"valueMac":{"type":"Buffer","data":"IEqccgdOQZhEVkFopZwGpDuE9twu98xG5hs7RCDjt7Y="}},"xLGi97yQa16L1FePbT0PLlLdiJLWC7VJD+6ap/WNKXc=":{"valueMac":{"type":"Buffer","data":"oEg5Ki2YLZM2M8/fcnmurAMhEd2UF0lIuHJsNcKe6rM="}},"21hIfh8ksPPKirgeIQcZeHM2SG2VGIwIKwXNwvSOF3I=":{"valueMac":{"type":"Buffer","data":"h5aFTX5FjUqlj96T8XJMLzOfRGaFWiafiMREhpYJ/Qw="}},"6pk+VF+8K0s8SNUq81FBlTKDRZfnCvS5hx1O/9JVn5w=":{"valueMac":{"type":"Buffer","data":"oZAX4YcA8eNa85Ez2HLulaBPwvCYVMWIyytUHSfeL6c="}},"8cgACKrGoX8U5TxQbfkIiwlrzb/9IUXNI68ISyhmEN8=":{"valueMac":{"type":"Buffer","data":"je1taYqzPMFuHaWFBhF5A5pUebHrbXbKeQVKBUIlKbU="}}}}