{"noiseKey":{"private":{"type":"Buffer","data":"mMg0jUiITShvaxxUOgD4WJLC/fArPJifC/mMYg4DoVU="},"public":{"type":"Buffer","data":"aWB24sbGA48Wa0HiW995lPiiJN3EbXBHb+hHK+SO81M="}},"pairingEphemeralKeyPair":{"private":{"type":"Buffer","data":"2MPai0yYnpiMZtUuVfSHjvxfari6MmNjaMtuLZWuoWA="},"public":{"type":"Buffer","data":"THV39W5iECg/GfbFfKhAosJPp/pfRArV7d7Hpt397lM="}},"signedIdentityKey":{"private":{"type":"Buffer","data":"kMNbr6eSxV9I90b0Wg5dpt5kzwyfqbUqdNNQHiu7i34="},"public":{"type":"Buffer","data":"w2b0F1S1DvL4t54i2qfVsLHPbBrxv253h6PTIesG7l4="}},"signedPreKey":{"keyPair":{"private":{"type":"Buffer","data":"COL+YKOuu6Gx8oG90hobrXp47VsTSw2imIKaljqfa0w="},"public":{"type":"Buffer","data":"xKBle2i2wO4DFYBu95xsc2iaclpEFT+NhETsDxc/+A4="}},"signature":{"type":"Buffer","data":"ZHP5/F1xR2vqnMbF3W6ZlPFJ3wxj4j/1qBUrxGpIF9lKpaG4cDS1Js+DBL0VQQMe2d1T2BFZ/iheK5+hB4UYiQ=="},"keyId":1},"registrationId":16,"advSecretKey":"qphumkyUdYyQO2QEtvJd+DCNSlR5wq/pYXNoMAX1VQI=","processedHistoryMessages":[{"key":{"remoteJid":"6289696037796@s.whatsapp.net","fromMe":false,"id":"AC8D616782F72AF51CEBF035E8493DC1","participant":"","addressingMode":"pn"},"messageTimestamp":1768776522},{"key":{"remoteJid":"6289696037796@s.whatsapp.net","fromMe":false,"id":"AC0EEF6C5136229009646CCFB50CD58F","participant":"","addressingMode":"pn"},"messageTimestamp":1768776522},{"key":{"remoteJid":"6289696037796@s.whatsapp.net","fromMe":false,"id":"AC56627A17B0807F24CE2B217DA93ED4","participant":"","addressingMode":"pn"},"messageTimestamp":1768776523},{"key":{"remoteJid":"6289696037796@s.whatsapp.net","fromMe":false,"id":"AC8D9576BA126515BB5FE16EFE172087","participant":"","addressingMode":"pn"},"messageTimestamp":1768776523},{"key":{"remoteJid":"6289696037796@s.whatsapp.net","fromMe":false,"id":"AC0FBC1591AE2DC594038F2DC5C63BD9","participant":"","addressingMode":"pn"},"messageTimestamp":1768776529},{"key":{"remoteJid":"6289696037796@s.whatsapp.net","fromMe":false,"id":"AC7CF45E89111F7018D094B293C438D2","participant":"","addressingMode":"pn"},"messageTimestamp":1768776533}],"nextPreKeyId":813,"firstUnuploadedPreKeyId":813,"accountSyncCounter":1,"accountSettings":{"unarchiveChats":false},"registered":false,"account":{"details":"CNHFtPYDEMTGtcsGGAEgACgA","accountSignatureKey":"+ZekLXQDpulmc2z5Sxo8jrt8rGxr8nDzoTaG9i5i2UM=","accountSignature":"MWl1WGxthm9q1SNOdBXerXJG0/v6yOYduGDmLdEsVfZ3JEsPdXknJcVgdVWezYkP5fwOQlo0Sfh8LAWEa+C9Aw==","deviceSignature":"Gt1Y9BvKjXcIlNUXwrBI/FCQ4NIGOO0kkwtAI7SdKPpVRFa3xO+PTPM+RIWUGIm1gTZhrbHDyUCkOkmGEqrVhA=="},"me":{"id":"6289696037796:23@s.whatsapp.net","lid":"215749243199687:23@lid","name":"Ferry"},"signalIdentities":[{"identifier":{"name":"215749243199687:23@lid","deviceId":0},"identifierKey":{"type":"Buffer","data":"BfmXpC10A6bpZnNs+UsaPI67fKxsa/Jw86E2hvYuYtlD"}}],"platform":"android","routingInfo":{"type":"Buffer","data":"CA0IEggI"},"lastAccountSyncTimestamp":1768780450,"lastPropHash":"3R9Z39","myAppStateKeyId":"AAAAAFLN"}